ID,Company,iframe_URL,Time,
5,잡코리아,http://www.jobkorea.co.kr/Recruit/GI_Read_Comt_Ifrm?Gno=27304536&blnKeepInLink=0&rPageCode=SL,2019-01-15 12:37:22,
11,글로벌인,http://www.jobkorea.co.kr/Recruit/GI_Read_Comt_Ifrm?Gno=27381345&blnKeepInLink=0&rPageCode=SL,2019-01-15 12:37:41,
12,글로벌인,http://www.jobkorea.co.kr/Recruit/GI_Read_Comt_Ifrm?Gno=27381428&blnKeepInLink=0&rPageCode=SL,2019-01-15 12:37:44,
19,한국폴리텍대학원주캠퍼스,http://www.jobkorea.co.kr/Recruit/GI_Read_Comt_Ifrm?Gno=27270583&blnKeepInLink=0&rPageCode=SL,2019-01-15 12:38:06,
37,㈜튼튼영어,http://www.jobkorea.co.kr/Recruit/GI_Read_Comt_Ifrm?Gno=27292098&blnKeepInLink=0&rPageCode=SL,2019-01-15 12:39:06,
47,디아이웨어㈜,http://www.jobkorea.co.kr/Recruit/GI_Read_Comt_Ifrm?Gno=27353302&blnKeepInLink=0&rPageCode=SL,2019-01-15 12:39:38,
62,여의도증권미디어그룹,http://www.jobkorea.co.kr/Recruit/GI_Read_Comt_Ifrm?Gno=27203172&blnKeepInLink=0&rPageCode=SL,2019-01-15 12:40:22,
74,현대엠엔소프트㈜,http://www.jobkorea.co.kr/Recruit/GI_Read_Comt_Ifrm?Gno=27328555&blnKeepInLink=0&rPageCode=SL,2019-01-15 12:41:00,
92,㈜한다소프트,http://www.jobkorea.co.kr/Recruit/GI_Read_Comt_Ifrm?Gno=27347813&blnKeepInLink=0&rPageCode=SL,2019-01-15 12:42:25,
95,㈜내담네트웍스,http://www.jobkorea.co.kr/Recruit/GI_Read_Comt_Ifrm?Gno=27110245&blnKeepInLink=0&rPageCode=SL,2019-01-15 12:42:34,
116,오직㈜,http://www.jobkorea.co.kr/Recruit/GI_Read_Comt_Ifrm?Gno=27349507&blnKeepInLink=0&rPageCode=SL,2019-01-15 12:43:38,
120,㈜에스더블유엠,http://www.jobkorea.co.kr/Recruit/GI_Read_Comt_Ifrm?Gno=27359911&blnKeepInLink=0&rPageCode=SL,2019-01-15 12:43:50,
125,㈜와이드티엔에스,http://www.jobkorea.co.kr/Recruit/GI_Read_Comt_Ifrm?Gno=27366872&blnKeepInLink=0&rPageCode=SL,2019-01-15 12:44:06,
129,옐로스토리,http://www.jobkorea.co.kr/Recruit/GI_Read_Comt_Ifrm?Gno=27270639&blnKeepInLink=0&rPageCode=SL,2019-01-15 12:44:19,
139,㈜솔트룩스,http://www.jobkorea.co.kr/Recruit/GI_Read_Comt_Ifrm?Gno=27316643&blnKeepInLink=0&rPageCode=SL,2019-01-15 12:44:50,
140,㈜퍼플랩스,http://www.jobkorea.co.kr/Recruit/GI_Read_Comt_Ifrm?Gno=27381110&blnKeepInLink=0&rPageCode=SL,2019-01-15 12:44:54,
147,지이씨엘코리아,http://www.jobkorea.co.kr/Recruit/GI_Read_Comt_Ifrm?Gno=27297280&blnKeepInLink=0&rPageCode=SL,2019-01-15 12:45:16,
167,㈜테스트웍스,http://www.jobkorea.co.kr/Recruit/GI_Read_Comt_Ifrm?Gno=27355826&blnKeepInLink=0&rPageCode=SL,2019-01-15 12:48:45,
168,㈜와이비시스템,http://www.jobkorea.co.kr/Recruit/GI_Read_Comt_Ifrm?Gno=27314781&blnKeepInLink=0&rPageCode=SL,2019-01-15 12:48:57,
181,짐싸,http://www.jobkorea.co.kr/Recruit/GI_Read_Comt_Ifrm?Gno=27334681&blnKeepInLink=0&rPageCode=SL,2019-01-15 12:50:37,
186,비아이티에스㈜,http://www.jobkorea.co.kr/Recruit/GI_Read_Comt_Ifrm?Gno=27390568&blnKeepInLink=0&rPageCode=SL,2019-01-15 12:51:20,
191,비아이티에스㈜,http://www.jobkorea.co.kr/Recruit/GI_Read_Comt_Ifrm?Gno=27390565&blnKeepInLink=0&rPageCode=SL,2019-01-15 12:51:57,
193,비아이티에스㈜,http://www.jobkorea.co.kr/Recruit/GI_Read_Comt_Ifrm?Gno=27390559&blnKeepInLink=0&rPageCode=SL,2019-01-15 12:52:08,
194,비아이티에스㈜,http://www.jobkorea.co.kr/Recruit/GI_Read_Comt_Ifrm?Gno=27390562&blnKeepInLink=0&rPageCode=SL,2019-01-15 12:52:13,
202,㈜오디오프로브,http://www.jobkorea.co.kr/Recruit/GI_Read_Comt_Ifrm?Gno=27357642&blnKeepInLink=0&rPageCode=SL,2019-01-15 12:54:00,
261,㈜명인이노,http://www.jobkorea.co.kr/Recruit/GI_Read_Comt_Ifrm?Gno=27384112&blnKeepInLink=0&rPageCode=SL,2019-01-15 13:03:27,
277,능이소프트,http://www.jobkorea.co.kr/Recruit/GI_Read_Comt_Ifrm?Gno=27388734&blnKeepInLink=0&rPageCode=SL,2019-01-15 13:05:30,
304,에이콘이즈,http://www.jobkorea.co.kr/Recruit/GI_Read_Comt_Ifrm?Gno=27388043&blnKeepInLink=0&rPageCode=SL,2019-01-15 13:09:09,
305,중앙정보기술인재개발원,http://www.jobkorea.co.kr/Recruit/GI_Read_Comt_Ifrm?Gno=27388038&blnKeepInLink=0&rPageCode=SL,2019-01-15 13:09:17,
319,아이텍에이스㈜,http://www.jobkorea.co.kr/Recruit/GI_Read_Comt_Ifrm?Gno=27387393&blnKeepInLink=0&rPageCode=SL,2019-01-15 13:11:00,
320,아이텍에이스㈜,http://www.jobkorea.co.kr/Recruit/GI_Read_Comt_Ifrm?Gno=27387392&blnKeepInLink=0&rPageCode=SL,2019-01-15 13:11:11,
324,아이텍에이스㈜,http://www.jobkorea.co.kr/Recruit/GI_Read_Comt_Ifrm?Gno=27387386&blnKeepInLink=0&rPageCode=SL,2019-01-15 13:11:37,
325,아이텍에이스㈜,http://www.jobkorea.co.kr/Recruit/GI_Read_Comt_Ifrm?Gno=27387384&blnKeepInLink=0&rPageCode=SL,2019-01-15 13:11:46,
342,에스정보통신,http://www.jobkorea.co.kr/Recruit/GI_Read_Comt_Ifrm?Gno=27387245&blnKeepInLink=0&rPageCode=SL,2019-01-15 13:13:44,
343,투디엠,http://www.jobkorea.co.kr/Recruit/GI_Read_Comt_Ifrm?Gno=27387080&blnKeepInLink=0&rPageCode=SL,2019-01-15 13:13:48,
345,중앙정보기술인재개발원,http://www.jobkorea.co.kr/Recruit/GI_Read_Comt_Ifrm?Gno=27386933&blnKeepInLink=0&rPageCode=SL,2019-01-15 13:14:09,
347,에이콘이즈,http://www.jobkorea.co.kr/Recruit/GI_Read_Comt_Ifrm?Gno=27386839&blnKeepInLink=0&rPageCode=SL,2019-01-15 13:14:26,
424,㈜아스텍시스템,http://www.jobkorea.co.kr/Recruit/GI_Read_Comt_Ifrm?Gno=27385287&blnKeepInLink=0&rPageCode=SL,2019-01-15 13:28:58,
427,㈜트레이지(Trazy),http://www.jobkorea.co.kr/Recruit/GI_Read_Comt_Ifrm?Gno=27385207&blnKeepInLink=0&rPageCode=SL,2019-01-15 13:29:18,
464,ACE Entertainment,http://www.jobkorea.co.kr/Recruit/GI_Read_Comt_Ifrm?Gno=27383858&blnKeepInLink=0&rPageCode=SL,2019-01-15 13:34:17,
468,(주)티몬,http://www.jobkorea.co.kr/Recruit/GI_Read_Comt_Ifrm?Gno=27383590&blnKeepInLink=0&rPageCode=SL,2019-01-15 13:34:46,
513,넥스트아이씨티,http://www.jobkorea.co.kr/Recruit/GI_Read_Comt_Ifrm?Gno=27382870&blnKeepInLink=0&rPageCode=SL,2019-01-15 13:40:30,
552,비즈플로우,http://www.jobkorea.co.kr/Recruit/GI_Read_Comt_Ifrm?Gno=27382410&blnKeepInLink=0&rPageCode=SL,2019-01-15 14:07:25,
584,애니펜,http://www.jobkorea.co.kr/Recruit/GI_Read_Comt_Ifrm?Gno=27381763&blnKeepInLink=0&rPageCode=SL,2019-01-15 14:11:50,
585,애니펜,http://www.jobkorea.co.kr/Recruit/GI_Read_Comt_Ifrm?Gno=27381739&blnKeepInLink=0&rPageCode=SL,2019-01-15 14:12:00,
589,에드오에스㈜,http://www.jobkorea.co.kr/Recruit/GI_Read_Comt_Ifrm?Gno=27381577&blnKeepInLink=0&rPageCode=SL,2019-01-15 14:12:26,
601,㈜엠디씨티,http://www.jobkorea.co.kr/Recruit/GI_Read_Comt_Ifrm?Gno=27381278&blnKeepInLink=0&rPageCode=SL,2019-01-15 14:13:56,
607,주식회사 공팔리터,http://www.jobkorea.co.kr/Recruit/GI_Read_Comt_Ifrm?Gno=27381067&blnKeepInLink=0&rPageCode=SL,2019-01-15 14:14:42,
629,㈜비즈웰,http://www.jobkorea.co.kr/Recruit/GI_Read_Comt_Ifrm?Gno=27397611&blnKeepInLink=0&rPageCode=SL,2019-01-15 14:17:42,
636,글로벌인,http://www.jobkorea.co.kr/Recruit/GI_Read_Comt_Ifrm?Gno=27382778&blnKeepInLink=0&rPageCode=SL,2019-01-15 14:18:40,
643,중앙정보기술인재개발원,http://www.jobkorea.co.kr/Recruit/GI_Read_Comt_Ifrm?Gno=27397225&blnKeepInLink=0&rPageCode=SL,2019-01-15 14:19:36,
645,주식회사 바름,http://www.jobkorea.co.kr/Recruit/GI_Read_Comt_Ifrm?Gno=27397154&blnKeepInLink=0&rPageCode=SL,2019-01-15 14:19:46,
661,이지소프트랩,http://www.jobkorea.co.kr/Recruit/GI_Read_Comt_Ifrm?Gno=27396546&blnKeepInLink=0&rPageCode=SL,2019-01-15 14:21:54,
668,㈜드림시스,http://www.jobkorea.co.kr/Recruit/GI_Read_Comt_Ifrm?Gno=27396446&blnKeepInLink=0&rPageCode=SL,2019-01-15 14:22:56,
717,㈜테스트웍스,http://www.jobkorea.co.kr/Recruit/GI_Read_Comt_Ifrm?Gno=27395262&blnKeepInLink=0&rPageCode=SL,2019-01-15 14:45:55,
724,㈜앰진시큐러스,http://www.jobkorea.co.kr/Recruit/GI_Read_Comt_Ifrm?Gno=27395072&blnKeepInLink=0&rPageCode=SL,2019-01-15 14:46:54,
727,㈜앰진시큐러스,http://www.jobkorea.co.kr/Recruit/GI_Read_Comt_Ifrm?Gno=27395035&blnKeepInLink=0&rPageCode=SL,2019-01-15 14:47:20,
773,이컴라인,http://www.jobkorea.co.kr/Recruit/GI_Read_Comt_Ifrm?Gno=27393679&blnKeepInLink=0&rPageCode=SL,2019-01-15 14:53:00,
775,이컴라인,http://www.jobkorea.co.kr/Recruit/GI_Read_Comt_Ifrm?Gno=27393665&blnKeepInLink=0&rPageCode=SL,2019-01-15 14:53:15,
787,이컴라인,http://www.jobkorea.co.kr/Recruit/GI_Read_Comt_Ifrm?Gno=27393583&blnKeepInLink=0&rPageCode=SL,2019-01-15 14:59:52,
797,㈜에스메이트,http://www.jobkorea.co.kr/Recruit/GI_Read_Comt_Ifrm?Gno=27393385&blnKeepInLink=0&rPageCode=SL,2019-01-15 15:00:49,
798,주식회사 시큐센,http://www.jobkorea.co.kr/Recruit/GI_Read_Comt_Ifrm?Gno=27393366&blnKeepInLink=0&rPageCode=SL,2019-01-15 15:00:58,
799,주식회사 시큐센,http://www.jobkorea.co.kr/Recruit/GI_Read_Comt_Ifrm?Gno=27393354&blnKeepInLink=0&rPageCode=SL,2019-01-15 15:01:06,
802,㈜수호아이티,http://www.jobkorea.co.kr/Recruit/GI_Read_Comt_Ifrm?Gno=27393323&blnKeepInLink=0&rPageCode=SL,2019-01-15 15:01:24,
806,에이콘이즈,http://www.jobkorea.co.kr/Recruit/GI_Read_Comt_Ifrm?Gno=27393300&blnKeepInLink=0&rPageCode=SL,2019-01-15 15:01:50,
807,㈜에스메이트,http://www.jobkorea.co.kr/Recruit/GI_Read_Comt_Ifrm?Gno=27393274&blnKeepInLink=0&rPageCode=SL,2019-01-15 15:02:02,
843,케이티하이텔㈜,http://www.jobkorea.co.kr/Recruit/GI_Read_Comt_Ifrm?Gno=27392692&blnKeepInLink=0&rPageCode=SL,2019-01-15 15:06:42,
847,비아이티에스㈜,http://www.jobkorea.co.kr/Recruit/GI_Read_Comt_Ifrm?Gno=27392561&blnKeepInLink=0&rPageCode=SL,2019-01-15 15:07:08,
853,비아이티에스㈜,http://www.jobkorea.co.kr/Recruit/GI_Read_Comt_Ifrm?Gno=27392510&blnKeepInLink=0&rPageCode=SL,2019-01-15 15:07:56,
856,㈜매스티지,http://www.jobkorea.co.kr/Recruit/GI_Read_Comt_Ifrm?Gno=27392493&blnKeepInLink=0&rPageCode=SL,2019-01-15 15:08:19,
858,비아이티에스㈜,http://www.jobkorea.co.kr/Recruit/GI_Read_Comt_Ifrm?Gno=27392481&blnKeepInLink=0&rPageCode=SL,2019-01-15 15:08:28,
900,센추리개발㈜,http://www.jobkorea.co.kr/Recruit/GI_Read_Comt_Ifrm?Gno=27391738&blnKeepInLink=0&rPageCode=SL,2019-01-15 15:14:00,
927,주식회사 인벤티스,http://www.jobkorea.co.kr/Recruit/GI_Read_Comt_Ifrm?Gno=27391119&blnKeepInLink=0&rPageCode=SL,2019-01-15 15:17:41,
955,㈜명인이노,http://www.jobkorea.co.kr/Recruit/GI_Read_Comt_Ifrm?Gno=27384112&blnKeepInLink=0&rPageCode=SL,2019-01-15 15:39:37,
1000,에스정보통신,http://www.jobkorea.co.kr/Recruit/GI_Read_Comt_Ifrm?Gno=27387245&blnKeepInLink=0&rPageCode=SL,2019-01-15 15:45:26,
1049,㈜트레이지(Trazy),http://www.jobkorea.co.kr/Recruit/GI_Read_Comt_Ifrm?Gno=27385207&blnKeepInLink=0&rPageCode=SL,2019-01-15 15:51:34,
1074,ACE Entertainment,http://www.jobkorea.co.kr/Recruit/GI_Read_Comt_Ifrm?Gno=27383858&blnKeepInLink=0&rPageCode=SL,2019-01-15 16:05:13,
1076,(주)티몬,http://www.jobkorea.co.kr/Recruit/GI_Read_Comt_Ifrm?Gno=27383590&blnKeepInLink=0&rPageCode=SL,2019-01-15 16:05:30,
1106,넥스트아이씨티,http://www.jobkorea.co.kr/Recruit/GI_Read_Comt_Ifrm?Gno=27382870&blnKeepInLink=0&rPageCode=SL,2019-01-15 16:09:22,
1139,비즈플로우,http://www.jobkorea.co.kr/Recruit/GI_Read_Comt_Ifrm?Gno=27382410&blnKeepInLink=0&rPageCode=SL,2019-01-15 16:13:01,
1163,애니펜,http://www.jobkorea.co.kr/Recruit/GI_Read_Comt_Ifrm?Gno=27381763&blnKeepInLink=0&rPageCode=SL,2019-01-15 16:16:10,
1164,애니펜,http://www.jobkorea.co.kr/Recruit/GI_Read_Comt_Ifrm?Gno=27381739&blnKeepInLink=0&rPageCode=SL,2019-01-15 16:16:21,
1168,에드오에스㈜,http://www.jobkorea.co.kr/Recruit/GI_Read_Comt_Ifrm?Gno=27381577&blnKeepInLink=0&rPageCode=SL,2019-01-15 16:16:46,
1181,주식회사 공팔리터,http://www.jobkorea.co.kr/Recruit/GI_Read_Comt_Ifrm?Gno=27381067&blnKeepInLink=0&rPageCode=SL,2019-01-15 16:18:34,
1198,㈜우리씨앤씨,http://www.jobkorea.co.kr/Recruit/GI_Read_Comt_Ifrm?Gno=27380450&blnKeepInLink=0&rPageCode=SL,2019-01-15 16:20:46,
1219,아이와이씨앤씨㈜,http://www.jobkorea.co.kr/Recruit/GI_Read_Comt_Ifrm?Gno=27380000&blnKeepInLink=0&rPageCode=SL,2019-01-15 16:35:41,
1226,이트리즈시스템,http://www.jobkorea.co.kr/Recruit/GI_Read_Comt_Ifrm?Gno=27379863&blnKeepInLink=0&rPageCode=SL,2019-01-15 16:36:33,
1239,CJ대한통운㈜,http://www.jobkorea.co.kr/Recruit/GI_Read_Comt_Ifrm?Gno=27379201&blnKeepInLink=0&rPageCode=SL,2019-01-15 16:38:18,
1294,㈜에버클,http://www.jobkorea.co.kr/Recruit/GI_Read_Comt_Ifrm?Gno=27377442&blnKeepInLink=0&rPageCode=SL,2019-01-15 16:44:54,
1310,스마트114㈜,http://www.jobkorea.co.kr/Recruit/GI_Read_Comt_Ifrm?Gno=27376892&blnKeepInLink=0&rPageCode=SL,2019-01-15 16:46:56,
1314,㈜이노와이어리스,http://www.jobkorea.co.kr/Recruit/GI_Read_Comt_Ifrm?Gno=27376688&blnKeepInLink=0&rPageCode=SL,2019-01-15 16:47:21,
1328,아이디어콘서트,http://www.jobkorea.co.kr/Recruit/GI_Read_Comt_Ifrm?Gno=27375794&blnKeepInLink=0&rPageCode=SL,2019-01-15 16:49:14,
1376,㈜새롬씨앤씨,http://www.jobkorea.co.kr/Recruit/GI_Read_Comt_Ifrm?Gno=27374116&blnKeepInLink=0&rPageCode=SL,2019-01-15 17:05:16,
1378,㈜명인이노,http://www.jobkorea.co.kr/Recruit/GI_Read_Comt_Ifrm?Gno=27358055&blnKeepInLink=0&rPageCode=SL,2019-01-15 17:05:28,
1402,㈜웹컴퍼니,http://www.jobkorea.co.kr/Recruit/GI_Read_Comt_Ifrm?Gno=27372838&blnKeepInLink=0&rPageCode=SL,2019-01-15 17:08:26,
1408,㈜이글루시큐리티,http://www.jobkorea.co.kr/Recruit/GI_Read_Comt_Ifrm?Gno=27372411&blnKeepInLink=0&rPageCode=SL,2019-01-15 17:09:13,
1430,㈜이프커뮤니티,http://www.jobkorea.co.kr/Recruit/GI_Read_Comt_Ifrm?Gno=27371767&blnKeepInLink=0&rPageCode=SL,2019-01-15 17:12:22,
1493,㈜퀸텟 시스템즈,http://www.jobkorea.co.kr/Recruit/GI_Read_Comt_Ifrm?Gno=27369952&blnKeepInLink=0&rPageCode=SL,2019-01-15 17:20:35,
1500,온그루,http://www.jobkorea.co.kr/Recruit/GI_Read_Comt_Ifrm?Gno=27370013&blnKeepInLink=0&rPageCode=SL,2019-01-15 17:21:51,
1555,㈜티지알앤(TGRN),http://www.jobkorea.co.kr/Recruit/GI_Read_Comt_Ifrm?Gno=27368555&blnKeepInLink=0&rPageCode=SL,2019-01-15 17:29:20,
1577,㈜스트릭스,http://www.jobkorea.co.kr/Recruit/GI_Read_Comt_Ifrm?Gno=27367576&blnKeepInLink=0&rPageCode=SL,2019-01-15 17:32:38,
1578,㈜스트릭스,http://www.jobkorea.co.kr/Recruit/GI_Read_Comt_Ifrm?Gno=27367565&blnKeepInLink=0&rPageCode=SL,2019-01-15 17:32:46,
1593,㈜인라이플,http://www.jobkorea.co.kr/Recruit/GI_Read_Comt_Ifrm?Gno=27366801&blnKeepInLink=0&rPageCode=SL,2019-01-15 17:34:42,
1599,㈜인라이플,http://www.jobkorea.co.kr/Recruit/GI_Read_Comt_Ifrm?Gno=27366651&blnKeepInLink=0&rPageCode=SL,2019-01-15 17:35:30,
1602,구인터내셔널 유한책임회사,http://www.jobkorea.co.kr/Recruit/GI_Read_Comt_Ifrm?Gno=27366516&blnKeepInLink=0&rPageCode=SL,2019-01-15 17:35:48,
1606,구인터내셔널 유한책임회사,http://www.jobkorea.co.kr/Recruit/GI_Read_Comt_Ifrm?Gno=27366423&blnKeepInLink=0&rPageCode=SL,2019-01-15 17:36:17,
1614,메디오,http://www.jobkorea.co.kr/Recruit/GI_Read_Comt_Ifrm?Gno=27366210&blnKeepInLink=0&rPageCode=SL,2019-01-15 17:37:19,
1634,㈜아이템베이,http://www.jobkorea.co.kr/Recruit/GI_Read_Comt_Ifrm?Gno=27365711&blnKeepInLink=0&rPageCode=SL,2019-01-16 09:28:02,
1677,지티사이언,http://www.jobkorea.co.kr/Recruit/GI_Read_Comt_Ifrm?Gno=27363908&blnKeepInLink=0&rPageCode=SL,2019-01-16 09:33:36,
1698,언버스,http://www.jobkorea.co.kr/Recruit/GI_Read_Comt_Ifrm?Gno=27363062&blnKeepInLink=0&rPageCode=SL,2019-01-16 09:36:08,
1725,알엠에스아이디,http://www.jobkorea.co.kr/Recruit/GI_Read_Comt_Ifrm?Gno=27361611&blnKeepInLink=0&rPageCode=SL,2019-01-16 09:39:34,
1782,글로우데이즈,http://www.jobkorea.co.kr/Recruit/GI_Read_Comt_Ifrm?Gno=27359554&blnKeepInLink=0&rPageCode=SL,2019-01-16 09:51:37,
1783,글로우데이즈,http://www.jobkorea.co.kr/Recruit/GI_Read_Comt_Ifrm?Gno=27359552&blnKeepInLink=0&rPageCode=SL,2019-01-16 09:51:42,
1793,매드맨포스트,http://www.jobkorea.co.kr/Recruit/GI_Read_Comt_Ifrm?Gno=27359220&blnKeepInLink=0&rPageCode=SL,2019-01-16 09:52:43,
1835,펫밀리오레,http://www.jobkorea.co.kr/Recruit/GI_Read_Comt_Ifrm?Gno=27357865&blnKeepInLink=0&rPageCode=SL,2019-01-16 09:57:06,
1841,게리온,http://www.jobkorea.co.kr/Recruit/GI_Read_Comt_Ifrm?Gno=27357647&blnKeepInLink=0&rPageCode=SL,2019-01-16 09:57:44,
1856,㈜위더스애드,http://www.jobkorea.co.kr/Recruit/GI_Read_Comt_Ifrm?Gno=27357039&blnKeepInLink=0&rPageCode=SL,2019-01-16 09:59:17,
1892,㈜리앤소프트 크리에이티브,http://www.jobkorea.co.kr/Recruit/GI_Read_Comt_Ifrm?Gno=27355864&blnKeepInLink=0&rPageCode=SL,2019-01-16 10:03:04,
1915,뉴로핏,http://www.jobkorea.co.kr/Recruit/GI_Read_Comt_Ifrm?Gno=27341493&blnKeepInLink=0&rPageCode=SL,2019-01-16 10:23:30,
1966,㈜아이비리더스,http://www.jobkorea.co.kr/Recruit/GI_Read_Comt_Ifrm?Gno=27352971&blnKeepInLink=0&rPageCode=SL,2019-01-16 10:28:50,
1968,㈜위즈덤하우스미디어그룹,http://www.jobkorea.co.kr/Recruit/GI_Read_Comt_Ifrm?Gno=27352909&blnKeepInLink=0&rPageCode=SL,2019-01-16 10:29:04,
1994,㈜명인이노,http://www.jobkorea.co.kr/Recruit/GI_Read_Comt_Ifrm?Gno=27347142&blnKeepInLink=0&rPageCode=SL,2019-01-16 10:31:47,
2006,긱스패밀리인터내셔날,http://www.jobkorea.co.kr/Recruit/GI_Read_Comt_Ifrm?Gno=27350579&blnKeepInLink=0&rPageCode=SL,2019-01-16 10:33:01,
2009,㈜인동에프엔,http://www.jobkorea.co.kr/Recruit/GI_Read_Comt_Ifrm?Gno=27350438&blnKeepInLink=0&rPageCode=SL,2019-01-16 10:33:17,
2024,㈜인포바인,http://www.jobkorea.co.kr/Recruit/GI_Read_Comt_Ifrm?Gno=27349759&blnKeepInLink=0&rPageCode=SL,2019-01-16 10:34:43,
2025,㈜인포바인,http://www.jobkorea.co.kr/Recruit/GI_Read_Comt_Ifrm?Gno=27349751&blnKeepInLink=0&rPageCode=SL,2019-01-16 10:34:48,
2079,청인인베스트먼트,http://www.jobkorea.co.kr/Recruit/GI_Read_Comt_Ifrm?Gno=27347972&blnKeepInLink=0&rPageCode=SL,2019-01-16 10:40:19,
2115,㈜엔씨소프트,http://www.jobkorea.co.kr/Recruit/GI_Read_Comt_Ifrm?Gno=27346908&blnKeepInLink=0&rPageCode=SL,2019-01-16 10:54:53,
2117,㈜엔씨소프트,http://www.jobkorea.co.kr/Recruit/GI_Read_Comt_Ifrm?Gno=27346881&blnKeepInLink=0&rPageCode=SL,2019-01-16 10:55:04,
2124,㈜엔씨소프트,http://www.jobkorea.co.kr/Recruit/GI_Read_Comt_Ifrm?Gno=27346702&blnKeepInLink=0&rPageCode=SL,2019-01-16 10:55:46,
2130,㈜넷트루컨설팅그룹,http://www.jobkorea.co.kr/Recruit/GI_Read_Comt_Ifrm?Gno=27346517&blnKeepInLink=0&rPageCode=SL,2019-01-16 10:56:19,
2140,㈜엔씨소프트,http://www.jobkorea.co.kr/Recruit/GI_Read_Comt_Ifrm?Gno=27346156&blnKeepInLink=0&rPageCode=SL,2019-01-16 10:57:21,
2145,㈜엔씨소프트,http://www.jobkorea.co.kr/Recruit/GI_Read_Comt_Ifrm?Gno=27346091&blnKeepInLink=0&rPageCode=SL,2019-01-16 10:57:49,
2150,보아스아이티㈜,http://www.jobkorea.co.kr/Recruit/GI_Read_Comt_Ifrm?Gno=27345980&blnKeepInLink=0&rPageCode=SL,2019-01-16 10:58:20,
2169,㈜디티케이,http://www.jobkorea.co.kr/Recruit/GI_Read_Comt_Ifrm?Gno=27345433&blnKeepInLink=0&rPageCode=SL,2019-01-16 11:00:15,
2170,교원그룹,http://www.jobkorea.co.kr/Recruit/GI_Read_Comt_Ifrm?Gno=27343639&blnKeepInLink=0&rPageCode=SL,2019-01-16 11:07:28,
2172,㈜브레인콘텐츠,http://www.jobkorea.co.kr/Recruit/GI_Read_Comt_Ifrm?Gno=27345156&blnKeepInLink=0&rPageCode=SL,2019-01-16 11:11:17,
2279,㈜달콤,http://www.jobkorea.co.kr/Recruit/GI_Read_Comt_Ifrm?Gno=27340703&blnKeepInLink=0&rPageCode=SL,2019-01-16 11:26:31,
2335,㈜스마일게이트,http://www.jobkorea.co.kr/Recruit/GI_Read_Comt_Ifrm?Gno=27337102&blnKeepInLink=0&rPageCode=SL,2019-01-16 11:46:36,
2352,한국국제협력단,http://www.jobkorea.co.kr/Recruit/GI_Read_Comt_Ifrm?Gno=27336093&blnKeepInLink=0&rPageCode=SL,2019-01-16 11:48:32,
2372,아이티키,http://www.jobkorea.co.kr/Recruit/GI_Read_Comt_Ifrm?Gno=27335515&blnKeepInLink=0&rPageCode=SL,2019-01-16 11:50:35,
2376,주식회사 시큐센,http://www.jobkorea.co.kr/Recruit/GI_Read_Comt_Ifrm?Gno=27335463&blnKeepInLink=0&rPageCode=SL,2019-01-16 11:50:58,
2380,충남대학교병원,http://www.jobkorea.co.kr/Recruit/GI_Read_Comt_Ifrm?Gno=27335365&blnKeepInLink=0&rPageCode=SL,2019-01-16 11:51:22,
2409,㈜윈스,http://www.jobkorea.co.kr/Recruit/GI_Read_Comt_Ifrm?Gno=27334275&blnKeepInLink=0&rPageCode=SL,2019-01-16 11:54:28,
2425,㈜에이비에이치,http://www.jobkorea.co.kr/Recruit/GI_Read_Comt_Ifrm?Gno=27333823&blnKeepInLink=0&rPageCode=SL,2019-01-16 11:56:09,
2426,㈜에이비에이치,http://www.jobkorea.co.kr/Recruit/GI_Read_Comt_Ifrm?Gno=27333773&blnKeepInLink=0&rPageCode=SL,2019-01-16 11:56:15,
2455,㈜소프트위즈,http://www.jobkorea.co.kr/Recruit/GI_Read_Comt_Ifrm?Gno=27332686&blnKeepInLink=0&rPageCode=SL,2019-01-16 11:59:27,
2470,㈜안셈,http://www.jobkorea.co.kr/Recruit/GI_Read_Comt_Ifrm?Gno=27332079&blnKeepInLink=0&rPageCode=SL,2019-01-16 12:01:07,
2509,현대엠엔소프트㈜,http://www.jobkorea.co.kr/Recruit/GI_Read_Comt_Ifrm?Gno=27328555&blnKeepInLink=0&rPageCode=SL,2019-01-16 12:10:08,
2552,㈜성심정보기술,http://www.jobkorea.co.kr/Recruit/GI_Read_Comt_Ifrm?Gno=27328933&blnKeepInLink=0&rPageCode=SL,2019-01-16 12:14:37,
2559,㈜CS,http://www.jobkorea.co.kr/Recruit/GI_Read_Comt_Ifrm?Gno=27328761&blnKeepInLink=0&rPageCode=SL,2019-01-16 12:15:19,
2592,㈜몽컴퍼니,http://www.jobkorea.co.kr/Recruit/GI_Read_Comt_Ifrm?Gno=27327498&blnKeepInLink=0&rPageCode=SL,2019-01-16 12:18:58,
2601,㈜앤스시스템,http://www.jobkorea.co.kr/Recruit/GI_Read_Comt_Ifrm?Gno=27326931&blnKeepInLink=0&rPageCode=SL,2019-01-16 12:19:53,
2659,아우시스템㈜,http://www.jobkorea.co.kr/Recruit/GI_Read_Comt_Ifrm?Gno=27320448&blnKeepInLink=0&rPageCode=SL,2019-01-16 12:26:13,
2668,㈜플랫포머스,http://www.jobkorea.co.kr/Recruit/GI_Read_Comt_Ifrm?Gno=27319029&blnKeepInLink=0&rPageCode=SL,2019-01-16 12:27:11,
2677,㈜우리요,http://www.jobkorea.co.kr/Recruit/GI_Read_Comt_Ifrm?Gno=27318647&blnKeepInLink=0&rPageCode=SL,2019-01-16 12:30:51,
2678,㈜우리요,http://www.jobkorea.co.kr/Recruit/GI_Read_Comt_Ifrm?Gno=27318637&blnKeepInLink=0&rPageCode=SL,2019-01-16 12:30:56,
2684,한국아이큐비아㈜,http://www.jobkorea.co.kr/Recruit/GI_Read_Comt_Ifrm?Gno=27318408&blnKeepInLink=0&rPageCode=SL,2019-01-16 12:31:37,
2724,토피아정보기술㈜,http://www.jobkorea.co.kr/Recruit/GI_Read_Comt_Ifrm?Gno=27317198&blnKeepInLink=0&rPageCode=SL,2019-01-16 12:36:03,
2727,토피아정보기술㈜,http://www.jobkorea.co.kr/Recruit/GI_Read_Comt_Ifrm?Gno=27317050&blnKeepInLink=0&rPageCode=SL,2019-01-16 12:36:25,
2801,㈜알앤비소프트,http://www.jobkorea.co.kr/Recruit/GI_Read_Comt_Ifrm?Gno=27314687&blnKeepInLink=0&rPageCode=SL,2019-01-16 12:44:16,
2842,에이콘이즈,http://www.jobkorea.co.kr/Recruit/GI_Read_Comt_Ifrm?Gno=27312797&blnKeepInLink=0&rPageCode=SL,2019-01-16 12:48:42,
2843,에이콘이즈,http://www.jobkorea.co.kr/Recruit/GI_Read_Comt_Ifrm?Gno=27312780&blnKeepInLink=0&rPageCode=SL,2019-01-16 12:48:49,
2855,㈜엠피알디,http://www.jobkorea.co.kr/Recruit/GI_Read_Comt_Ifrm?Gno=27312386&blnKeepInLink=0&rPageCode=SL,2019-01-16 12:54:49,
2856,㈜에스메이트,http://www.jobkorea.co.kr/Recruit/GI_Read_Comt_Ifrm?Gno=27312328&blnKeepInLink=0&rPageCode=SL,2019-01-16 12:54:55,
2870,㈜에스메이트,http://www.jobkorea.co.kr/Recruit/GI_Read_Comt_Ifrm?Gno=27311718&blnKeepInLink=0&rPageCode=SL,2019-01-16 12:56:25,
2931,㈜윈드디자인,http://www.jobkorea.co.kr/Recruit/GI_Read_Comt_Ifrm?Gno=27309417&blnKeepInLink=0&rPageCode=SL,2019-01-16 13:03:08,
3002,엠플레어㈜,http://www.jobkorea.co.kr/Recruit/GI_Read_Comt_Ifrm?Gno=27305171&blnKeepInLink=0&rPageCode=SL,2019-01-16 13:10:25,
3005,사이언티픽아날로그,http://www.jobkorea.co.kr/Recruit/GI_Read_Comt_Ifrm?Gno=27305116&blnKeepInLink=0&rPageCode=SL,2019-01-16 13:10:43,
3008,㈜영가에듀,http://www.jobkorea.co.kr/Recruit/GI_Read_Comt_Ifrm?Gno=27305044&blnKeepInLink=0&rPageCode=SL,2019-01-16 13:11:02,
3010,뉴피컴퍼니,http://www.jobkorea.co.kr/Recruit/GI_Read_Comt_Ifrm?Gno=27304998&blnKeepInLink=0&rPageCode=SL,2019-01-16 13:11:16,
3039,㈜윈큐브마케팅,http://www.jobkorea.co.kr/Recruit/GI_Read_Comt_Ifrm?Gno=27304398&blnKeepInLink=0&rPageCode=SL,2019-01-16 13:18:13,
3099,㈜에스엘솔루션,http://www.jobkorea.co.kr/Recruit/GI_Read_Comt_Ifrm?Gno=27302596&blnKeepInLink=0&rPageCode=SL,2019-01-16 13:24:39,
3102,파워넷정보기술㈜,http://www.jobkorea.co.kr/Recruit/GI_Read_Comt_Ifrm?Gno=27302557&blnKeepInLink=0&rPageCode=SL,2019-01-16 13:24:55,
3104,㈜자이앤트,http://www.jobkorea.co.kr/Recruit/GI_Read_Comt_Ifrm?Gno=27302503&blnKeepInLink=0&rPageCode=SL,2019-01-16 13:25:06,
3123,Seekers Inc.,http://www.jobkorea.co.kr/Recruit/GI_Read_Comt_Ifrm?Gno=27300898&blnKeepInLink=0&rPageCode=SL,2019-01-16 13:27:07,
3126,㈜윈윈소프트,http://www.jobkorea.co.kr/Recruit/GI_Read_Comt_Ifrm?Gno=27301457&blnKeepInLink=0&rPageCode=SL,2019-01-16 13:27:25,
3197,현대무벡스,http://www.jobkorea.co.kr/Recruit/GI_Read_Comt_Ifrm?Gno=27299058&blnKeepInLink=0&rPageCode=SL,2019-01-16 13:55:50,
3205,㈜캐럿글로벌,http://www.jobkorea.co.kr/Recruit/GI_Read_Comt_Ifrm?Gno=27295858&blnKeepInLink=0&rPageCode=SL,2019-01-16 13:56:42,
3229,디너의여왕,http://www.jobkorea.co.kr/Recruit/GI_Read_Comt_Ifrm?Gno=27297765&blnKeepInLink=0&rPageCode=SL,2019-01-16 13:59:16,
3264,하나금융티아이,http://www.jobkorea.co.kr/Recruit/GI_Read_Comt_Ifrm?Gno=27296024&blnKeepInLink=0&rPageCode=SL,2019-01-16 14:02:58,
3306,㈜트라벨리오,http://www.jobkorea.co.kr/Recruit/GI_Read_Comt_Ifrm?Gno=27293074&blnKeepInLink=0&rPageCode=SL,2019-01-16 14:10:27,
3309,㈜트라벨리오,http://www.jobkorea.co.kr/Recruit/GI_Read_Comt_Ifrm?Gno=27292973&blnKeepInLink=0&rPageCode=SL,2019-01-16 14:10:44,
3324,시그마체인,http://www.jobkorea.co.kr/Recruit/GI_Read_Comt_Ifrm?Gno=27292339&blnKeepInLink=0&rPageCode=SL,2019-01-16 14:12:20,
3328,Seekers Inc.,http://www.jobkorea.co.kr/Recruit/GI_Read_Comt_Ifrm?Gno=27290693&blnKeepInLink=0&rPageCode=SL,2019-01-16 14:12:46,
3348,㈜비드넷씨엔씨,http://www.jobkorea.co.kr/Recruit/GI_Read_Comt_Ifrm?Gno=27291482&blnKeepInLink=0&rPageCode=SL,2019-01-16 14:29:30,
3367,한국과학기술연구원,http://www.jobkorea.co.kr/Recruit/GI_Read_Comt_Ifrm?Gno=27291192&blnKeepInLink=0&rPageCode=SL,2019-01-16 14:31:29,
3371,㈜이모션,http://www.jobkorea.co.kr/Recruit/GI_Read_Comt_Ifrm?Gno=27290969&blnKeepInLink=0&rPageCode=SL,2019-01-16 14:31:50,
3402,㈜위지언,http://www.jobkorea.co.kr/Recruit/GI_Read_Comt_Ifrm?Gno=27290056&blnKeepInLink=0&rPageCode=SL,2019-01-16 14:35:04,
3407,㈜위지언,http://www.jobkorea.co.kr/Recruit/GI_Read_Comt_Ifrm?Gno=27289964&blnKeepInLink=0&rPageCode=SL,2019-01-16 14:35:36,
3439,㈜이글루시큐리티,http://www.jobkorea.co.kr/Recruit/GI_Read_Comt_Ifrm?Gno=27289088&blnKeepInLink=0&rPageCode=SL,2019-01-16 14:38:48,
3444,플로언스,http://www.jobkorea.co.kr/Recruit/GI_Read_Comt_Ifrm?Gno=27288869&blnKeepInLink=0&rPageCode=SL,2019-01-16 14:39:21,
3448,㈜이글루시큐리티,http://www.jobkorea.co.kr/Recruit/GI_Read_Comt_Ifrm?Gno=27288727&blnKeepInLink=0&rPageCode=SL,2019-01-16 14:39:46,
3455,카테노이드㈜,http://www.jobkorea.co.kr/Recruit/GI_Read_Comt_Ifrm?Gno=27288297&blnKeepInLink=0&rPageCode=SL,2019-01-16 14:40:31,
3477,핌즈㈜,http://www.jobkorea.co.kr/Recruit/GI_Read_Comt_Ifrm?Gno=27287491&blnKeepInLink=0&rPageCode=SL,2019-01-16 14:42:56,
3512,올마이카,http://www.jobkorea.co.kr/Recruit/GI_Read_Comt_Ifrm?Gno=27286266&blnKeepInLink=0&rPageCode=SL,2019-01-16 14:46:51,
3519,㈜수펙스테크놀러지,http://www.jobkorea.co.kr/Recruit/GI_Read_Comt_Ifrm?Gno=27286012&blnKeepInLink=0&rPageCode=SL,2019-01-16 14:52:55,
3579,㈜키트넷,http://www.jobkorea.co.kr/Recruit/GI_Read_Comt_Ifrm?Gno=27283295&blnKeepInLink=0&rPageCode=SL,2019-01-16 14:59:02,
3621,㈜텐던시,http://www.jobkorea.co.kr/Recruit/GI_Read_Comt_Ifrm?Gno=27281401&blnKeepInLink=0&rPageCode=SL,2019-01-16 15:03:48,
3627,아이언트레인,http://www.jobkorea.co.kr/Recruit/GI_Read_Comt_Ifrm?Gno=27280940&blnKeepInLink=0&rPageCode=SL,2019-01-16 15:04:25,
3666,주식회사 쉬프트,http://www.jobkorea.co.kr/Recruit/GI_Read_Comt_Ifrm?Gno=27277114&blnKeepInLink=0&rPageCode=SL,2019-01-16 15:08:42,
3675,㈜ 린시코리아,http://www.jobkorea.co.kr/Recruit/GI_Read_Comt_Ifrm?Gno=27276064&blnKeepInLink=0&rPageCode=SL,2019-01-16 15:10:46,
3688,㈜즐거운,http://www.jobkorea.co.kr/Recruit/GI_Read_Comt_Ifrm?Gno=27275183&blnKeepInLink=0&rPageCode=SL,2019-01-16 15:12:05,
3748,토피아정보기술㈜,http://www.jobkorea.co.kr/Recruit/GI_Read_Comt_Ifrm?Gno=27269311&blnKeepInLink=0&rPageCode=SL,2019-01-16 15:18:30,
3749,토피아정보기술㈜,http://www.jobkorea.co.kr/Recruit/GI_Read_Comt_Ifrm?Gno=27269307&blnKeepInLink=0&rPageCode=SL,2019-01-16 15:18:35,
3765,디디팩토리,http://www.jobkorea.co.kr/Recruit/GI_Read_Comt_Ifrm?Gno=27267939&blnKeepInLink=0&rPageCode=SL,2019-01-16 15:20:20,
3798,해커스랩파트너스,http://www.jobkorea.co.kr/Recruit/GI_Read_Comt_Ifrm?Gno=27263750&blnKeepInLink=0&rPageCode=SL,2019-01-16 15:23:45,
3843,㈜알앤비소프트,http://www.jobkorea.co.kr/Recruit/GI_Read_Comt_Ifrm?Gno=27260413&blnKeepInLink=0&rPageCode=SL,2019-01-16 15:28:31,
3889,㈜위메이드엔터테인먼트,http://www.jobkorea.co.kr/Recruit/GI_Read_Comt_Ifrm?Gno=27257726&blnKeepInLink=0&rPageCode=SL,2019-01-16 15:42:15,
3919,㈜헬프미,http://www.jobkorea.co.kr/Recruit/GI_Read_Comt_Ifrm?Gno=27254327&blnKeepInLink=0&rPageCode=SL,2019-01-16 15:45:34,
3920,㈜헬프미,http://www.jobkorea.co.kr/Recruit/GI_Read_Comt_Ifrm?Gno=27254326&blnKeepInLink=0&rPageCode=SL,2019-01-16 15:45:41,
3921,㈜헬프미,http://www.jobkorea.co.kr/Recruit/GI_Read_Comt_Ifrm?Gno=27254319&blnKeepInLink=0&rPageCode=SL,2019-01-16 15:45:46,
3939,㈜인플루엔셜,http://www.jobkorea.co.kr/Recruit/GI_Read_Comt_Ifrm?Gno=27252240&blnKeepInLink=0&rPageCode=SL,2019-01-16 15:47:50,
3994,리듬엔,http://www.jobkorea.co.kr/Recruit/GI_Read_Comt_Ifrm?Gno=27249216&blnKeepInLink=0&rPageCode=SL,2019-01-16 15:53:51,
4007,주식회사 서울리거,http://www.jobkorea.co.kr/Recruit/GI_Read_Comt_Ifrm?Gno=27248265&blnKeepInLink=0&rPageCode=SL,2019-01-16 15:55:15,
4018,㈜퀴리오스,http://www.jobkorea.co.kr/Recruit/GI_Read_Comt_Ifrm?Gno=27247290&blnKeepInLink=0&rPageCode=SL,2019-01-16 16:49:36,
4024,㈜에스메이트,http://www.jobkorea.co.kr/Recruit/GI_Read_Comt_Ifrm?Gno=27246490&blnKeepInLink=0&rPageCode=SL,2019-01-16 16:50:13,
4058,㈜코스토리,http://www.jobkorea.co.kr/Recruit/GI_Read_Comt_Ifrm?Gno=27242640&blnKeepInLink=0&rPageCode=SL,2019-01-16 16:53:39,
4070,㈜소셜빈,http://www.jobkorea.co.kr/Recruit/GI_Read_Comt_Ifrm?Gno=27241158&blnKeepInLink=0&rPageCode=SL,2019-01-16 16:54:54,
4076,㈜대영IoT,http://www.jobkorea.co.kr/Recruit/GI_Read_Comt_Ifrm?Gno=27240456&blnKeepInLink=0&rPageCode=SL,2019-01-16 16:55:32,
4087,구구퍼센트,http://www.jobkorea.co.kr/Recruit/GI_Read_Comt_Ifrm?Gno=27240065&blnKeepInLink=0&rPageCode=SL,2019-01-16 16:56:40,
4088,에스브이,http://www.jobkorea.co.kr/Recruit/GI_Read_Comt_Ifrm?Gno=27239940&blnKeepInLink=0&rPageCode=SL,2019-01-16 16:56:47,
4203,㈜울림교육연구소,http://www.jobkorea.co.kr/Recruit/GI_Read_Comt_Ifrm?Gno=27227691&blnKeepInLink=0&rPageCode=SL,2019-01-16 17:10:40,
4211,메디오,http://www.jobkorea.co.kr/Recruit/GI_Read_Comt_Ifrm?Gno=27226549&blnKeepInLink=0&rPageCode=SL,2019-01-16 17:11:31,
4225,㈜젠트러스트,http://www.jobkorea.co.kr/Recruit/GI_Read_Comt_Ifrm?Gno=27225307&blnKeepInLink=0&rPageCode=SL,2019-01-16 17:13:15,
4235,주식회사 위즈니스,http://www.jobkorea.co.kr/Recruit/GI_Read_Comt_Ifrm?Gno=27224342&blnKeepInLink=0&rPageCode=SL,2019-01-16 17:14:14,
4262,큐렉소㈜,http://www.jobkorea.co.kr/Recruit/GI_Read_Comt_Ifrm?Gno=27221649&blnKeepInLink=0&rPageCode=SL,2019-01-16 17:19:47,
4292,㈜레코드팜,http://www.jobkorea.co.kr/Recruit/GI_Read_Comt_Ifrm?Gno=27217721&blnKeepInLink=0&rPageCode=SL,2019-01-16 17:23:01,
4293,㈜레코드팜,http://www.jobkorea.co.kr/Recruit/GI_Read_Comt_Ifrm?Gno=27217720&blnKeepInLink=0&rPageCode=SL,2019-01-16 17:23:07,
4295,㈜레코드팜,http://www.jobkorea.co.kr/Recruit/GI_Read_Comt_Ifrm?Gno=27217719&blnKeepInLink=0&rPageCode=SL,2019-01-16 17:23:18,
4297,㈜레코드팜,http://www.jobkorea.co.kr/Recruit/GI_Read_Comt_Ifrm?Gno=27217718&blnKeepInLink=0&rPageCode=SL,2019-01-16 17:23:32,
4320,게임에듀,http://www.jobkorea.co.kr/Recruit/GI_Read_Comt_Ifrm?Gno=27212853&blnKeepInLink=0&rPageCode=SL,2019-01-16 17:25:55,
4322,아이언트레인,http://www.jobkorea.co.kr/Recruit/GI_Read_Comt_Ifrm?Gno=27212804&blnKeepInLink=0&rPageCode=SL,2019-01-16 17:26:06,
4356,㈜소프트위즈,http://www.jobkorea.co.kr/Recruit/GI_Read_Comt_Ifrm?Gno=27209025&blnKeepInLink=0&rPageCode=SL,2019-01-16 17:29:40,
4388,㈜한다소프트,http://www.jobkorea.co.kr/Recruit/GI_Read_Comt_Ifrm?Gno=27205824&blnKeepInLink=0&rPageCode=SL,2019-01-16 17:33:02,
