2,㈜스마트스코어,{'모집분야': ['PHP개발 (기술 개발팀) ', 'Front-End (기술 개발팀) ', '웹퍼블리셔 (기술 개발팀) ', 'QA (기술 개발팀) ', '개발기획 (기술 기획팀) '], '담당업무': ['PC-Web, Mobile HybridApp Web APIPHP7, Mysql, Vue.js, SVN, GIT, Linux솔루션 & 웹 서비스 개발 및 운영', 'HybridApp / PC Web / SPA HTML, CSS, jQuery, Vuejs, Angularjs, Webpack, ES6', '웹, 모바일 사이트UI운영, 구축 및 최적화HTML/CSS 등에 대한 내부 표준안 마련', '모바일앱/웹, 태블릿앱, PC웹 서비스 분석 및 QA업무기획안 검토 및 요구사항 분석/테스트 수행오류 및 개선사항 도출', '웹/모바일 서비스 UI/UX기획Front/Admin 기획 및 SB 작성운영중인 웹/모바일 서비스 분석 운영중인 웹/모바일 개선/운영 기획'], '자격요건': ['[자격사항]PHP/MYSQL/Javascript 개발 3년 이상 경력자 Sql 사용 능숙자 Codeigniter Framework 경험자[우대사항]전산관련학 전공자기타 언어 개발 가능자Android / iOS 하이브리드 앱(Web단) 개발 경험자RESTFul 개발 경험자Javascript, Vuejs, Angularjs 경험자새로운 기술, 트렌드에 대한 관심과 실행력 보유자협업 파트와의 원활한 커뮤니케이션 능력 ', '[자격사항]Vue.JS 개발 가능한 1년 이상의 경력자HybridApp 개발 가능하신 분 [우대사항]Angular.js 개발 경험자RESTFul 서비스 개발 경험이 있으신 분PHP 코드 분석 가능자새로운 기술, 트렌드에 대한 관심과 실행력 보유자협업 파트와의 원활한 커뮤니케이션 능력 ', '[자격사항]마크업 개발 3년 이상 경력자HTML / CSS / CSS3 등의 하드코딩 가능자웹표준/웹접근성Javascript / jQuery에 대한 이해 및 활용 가능자Html5 / Less / Sass / SEO[우대사항]모바일 웹 또는 하이브리드앱, 반응형 웹 경험자Angular.js 또는 Vue.js 프로젝트 경험자커머스UI유경험자새로운 기술, 트렌드에 대한 관심과 실행력 보유자커뮤니케이션 능력이 뛰어난 자', '[자격사항]모바일 서비스 2년이상 경력을 가지신 분이슈 분석 및 관리가 가능하신 분[우대사항]자사 서비스 QA 또는 프로젝트 단독 수행 경험서비스 런칭 및 유지보수 경험모바일 앱/웹 서비스에 대한 이해업무 프로세스에 대한 이해 및 커뮤니케이션 능력', '[자격사항]PC/모바일 기획 경력 3년 이상IA/UI 및 서비스 Flow 기획 경험자타부서와의 원활한 커뮤니케이션 가능 하신분[우대사항]다양한 분야의 기획경험이 있으신분플랫폼 개발프로세스 이해도 높은 분 에이전시 근무 경험자 우대기획 포트폴리오 제출시 우대'], '모집인원': ['0명', '0명', '0명', '0명', '0명']}


3,㈜호텔롯데 롯데월드,{'직무': ['AVR사업기획', 'AVR개발', '건축', '방재', '어트랙션정비(전기전자)', '어트랙션정비(기계정비)', 'LSS', 'LSS(설비)', '아쿠아리스트 (어류사육사)', '상품개발', '학예사 (민속박물관)', '무대기사(음향)\t', '상품물류', '매출심사', '단체마케팅'], '사업장 (근무지)': ['어드벤처 (서울 송파구)', '어드벤처 (서울 송파구)', '어드벤처 (서울 송파구)', '어드벤처 (서울 송파구)', '어드벤처 (서울 송파구)', '어드벤처 (서울 송파구)', '아쿠아리움(서울 송파구)', '아쿠아리움(서울 송파구)', '아쿠아리움 (서울 송파구)', '어드벤처(서울 송파구)', '어드벤처(서울 송파구)', '어드벤처(서울 송파구)', '어드벤처(서울 송파구)', '아쿠아리움(서울 송파구)', '언더씨킹덤(서울 은평구)'], '담당업무': ['(R&D 성과물 사업화)VR 개발상품 마케팅 계획 수립 및 판매전시회 참가 준비, 바이어미팅, 해외판매해외 영업 제반업무 (원가 분석, 가격 책정, 인허가 등)직급 (Grade)경력(SA)', '(VR 컨텐츠 및 기술개발)VR 프로젝트 개발(컨텐츠기획 및 기술개발)VR 어트랙션 및 Zone 관리컨텐츠 및 시뮬레이터 연동 및 기술적 유지보수직급 (Grade)경력(SA)', ' 복합단지 건축물 수선 진행 (환경개선, 개보수) 관리 범위 : 테마파크, 백화점, 마트, 호텔(객실제외)건축업무 투자공사 시공, 설계 관리건축물 관련 시설 유지보수 관리, 영선 관리건축업무 예산 계획건축업무 위탁계약, 파트너사 관리테마파크 각 팀별 건축관련 요청사항 협의, 검토, 실행직급 (Grade)경력/신입(JA)', '방재 설비 점검 및 보수소방시설 법정/작동기능 점검 업무소방안전교육 및 훈련 진행소방설비 관련 공사 진행직급 (Grade)경력/신입(JA)', '어트랙션 전기전자 설비 시공, 유지 관리 업무자동제어 시스템 관리 업무직급 (Grade)경력/신입(JA)', '어트랙션 기계정비 관련 업무직급 (Grade)경력/신입(JA)', '수질관리시스템 운영LSS 장비 유지보수 관리직급 (Grade)경력/신입(JA)', '건축물 기계/설비 유지관리 (냉동기, 보일러, 콤프레샤, 공조기, 승강기 등)직급 (Grade)경력/신입(JA)', '어류 사육, 전시, 사육 행정 업무생태설명회 진행 업무교육프로그램 개발 및 운영직급 (Grade)경력/신입 (전문직)', '디자인, 상품개발 MD캐릭터 상품 기획, 디자인 업무상품 소싱업체 발굴상품제작관리, 견적 및 매출관리직급 (Grade)전문CAST (계약직)', '박물관 전시, 행사 기획 및 운영역사프로그램 기획 및 운영전시관 내, 외부 운영 및 점검직급 (Grade)전문CAST (계약직)', '음향 연출 및 장비 운영직급 (Grade)전문CAST (계약직)', '상품 재고 관리상품 입출고 관리직급 (Grade)전문CAST (계약직)', '매출자금 수납 및 시재확인, 티켓관리매출집계, 매출확정 업무직급 (Grade)전문CAST (계약직)', '단체(기업체) 인원 유치 및 기업체 영업기업체 신규 제휴 관리기업체 및 대행판매 채널 신규행사 기획(단체마케팅 지원 업무) 단체 등록 및 지원, 현장관리 운영직급 (Grade)전문CAST (계약직)'], '자격요건 및 참고사항': ['자격요건해외영업 有경험자기술사업화 有경험자영어 능통자우대사항중국어 가능자 우대', '자격요건VR 컨텐츠 및 기술개발 경력 3년 이상 포트폴리오 제출 必전기/전자/기계 등 관련학과 전공자우대사항정부과제 R&D 수행 경험자 우대파워포인트 활용 가능자 우대영어 가능자 우대', '자격요건초대졸 이상 건축 관련학과 전공자건축 및 시공관련분야 자격증 소지자우대사항건축 관련 업무 경험자', '자격요건초대졸 이상 소방학과/안전공학과 등 관련학과 전공자소방설비(기계, 전기)기사, 소방설비 산업기사, 가스기사, 가스산업기사 위험물 산업기사 등 관련분야 자격증 소지자우대사항방재 관련 경력 3년 이상 우대', '자격요건초대졸 이상 관련 학과 전공자우대사항 관련 분야 자격증 소지자(자동제어 및 전기전자 등)  동종업무 또는 자동제어 시스템관리 관련 업무 경력 1년 이상 PLC프로그램 능숙자 근무시간07시 ~ 16시 / 13시 ~ 22시 (2교대 근무) 근무시간은 근무 스케줄에 따라 변동될 수 있습니다.', '자격요건초대졸 이상 관련 학과 전공자우대사항관련 분야 자격증 소지자(기계, 정비 등) 항공기, 열차 등 기계정비 관련 업무 경력 1년 이상 CAD 사용 가능자근무시간07시 ~ 16시 / 13시 ~ 22시 (2교대 근무)  근무시간은 근무 스케줄에 따라 변동될 수 있습니다.', '자격요건관련학과 전공자(환경/기계 등)자격증 : CAD/수질환경/온실가스/공조냉동기계/산업안전관리 등 산업기사 이상 자격증 소지자우대사항국내외 수족관 관련직무 경력 2년 이상수처리 시스템, 수질환경 관련 직무 경력 2년 이상건축물 기계/설비 관련 직무 경력 2년 이상', '자격요건관련학과 전공자(환경/기계 등)자격증 : CAD/수질환경/온실가스/공조냉동기계/산업안전관리 등 산업기사 이상 자격증 소지자우대사항국내외 수족관 관련직무 경력 2년 이상수처리 시스템, 수질환경 관련 직무 경력 2년 이상건축물 기계/설비 관련 직무 경력 2년 이상', '자격요건관련 학과 전공자 (해양생물,수산,생물 관련 전공자)우대사항자격증 : 스킨스쿠버, 수산양식, 수질환경, 수산질병, 해양, 생물 등 관련 분야 자격증 소지자기타수중촬영 가능자 (수중촬영 가능자는 반드시 자격란에표기 요망)어류 및 해양생물 사육, 전시 관련 경력 1년 이상어학가능자 (英, 日, 中)', '자격요건관련 업무 有경험자', '자격요건정학예사 3급 이상 자격증 소지자우대사항관련 업무 有경험자', '우대사항관련 업무 有경험자무대예술인 자격증 보유자', '우대사항관련 업무 有경험자자격증 : 컴퓨터 관련자격증', '우대사항관련 업무 有경험자산업위생관리, 대기환경 관련 자격증 보유자산업보건 및 산업위생분야 전공자 우대', '우대사항관련 업무 有경험자']}


6,㈜웨이버스,{'분야': ['국내/해외 개발', '국내영업', '해외영업', '품질관리'], '내용': ['Java/C/C++ 개발, SW/DB/아키텍처 설계 등 SW개발 유경험자해외 근무 가능자ArcGIS/오픈소스 개발 유경험자, PL/PM 유경험자 우대', '측량 및 공간정보 분야 유경험자', '사업조사 및 기획, 마케팅업무 유경험자영어 능통자 우대', '소프트웨어 프로세스(SP), ISO9001, 품질경영 업무'], '요구경력': ['경력 3년~15년', '경력 3년 이상', '경력 3년 이상', '경력 5년 이하']}


2,㈜스마트스코어,{'모집분야': ['PHP개발 (기술 개발팀) ', 'Front-End (기술 개발팀) ', '웹퍼블리셔 (기술 개발팀) ', 'QA (기술 개발팀) ', '개발기획 (기술 기획팀) '], '담당업무': ['PC-Web, Mobile HybridApp Web APIPHP7, Mysql, Vue.js, SVN, GIT, Linux솔루션 & 웹 서비스 개발 및 운영', 'HybridApp / PC Web / SPA HTML, CSS, jQuery, Vuejs, Angularjs, Webpack, ES6', '웹, 모바일 사이트UI운영, 구축 및 최적화HTML/CSS 등에 대한 내부 표준안 마련', '모바일앱/웹, 태블릿앱, PC웹 서비스 분석 및 QA업무기획안 검토 및 요구사항 분석/테스트 수행오류 및 개선사항 도출', '웹/모바일 서비스 UI/UX기획Front/Admin 기획 및 SB 작성운영중인 웹/모바일 서비스 분석 운영중인 웹/모바일 개선/운영 기획'], '자격요건': ['[자격사항]PHP/MYSQL/Javascript 개발 3년 이상 경력자 Sql 사용 능숙자 Codeigniter Framework 경험자[우대사항]전산관련학 전공자기타 언어 개발 가능자Android / iOS 하이브리드 앱(Web단) 개발 경험자RESTFul 개발 경험자Javascript, Vuejs, Angularjs 경험자새로운 기술, 트렌드에 대한 관심과 실행력 보유자협업 파트와의 원활한 커뮤니케이션 능력 ', '[자격사항]Vue.JS 개발 가능한 1년 이상의 경력자HybridApp 개발 가능하신 분 [우대사항]Angular.js 개발 경험자RESTFul 서비스 개발 경험이 있으신 분PHP 코드 분석 가능자새로운 기술, 트렌드에 대한 관심과 실행력 보유자협업 파트와의 원활한 커뮤니케이션 능력 ', '[자격사항]마크업 개발 3년 이상 경력자HTML / CSS / CSS3 등의 하드코딩 가능자웹표준/웹접근성Javascript / jQuery에 대한 이해 및 활용 가능자Html5 / Less / Sass / SEO[우대사항]모바일 웹 또는 하이브리드앱, 반응형 웹 경험자Angular.js 또는 Vue.js 프로젝트 경험자커머스UI유경험자새로운 기술, 트렌드에 대한 관심과 실행력 보유자커뮤니케이션 능력이 뛰어난 자', '[자격사항]모바일 서비스 2년이상 경력을 가지신 분이슈 분석 및 관리가 가능하신 분[우대사항]자사 서비스 QA 또는 프로젝트 단독 수행 경험서비스 런칭 및 유지보수 경험모바일 앱/웹 서비스에 대한 이해업무 프로세스에 대한 이해 및 커뮤니케이션 능력', '[자격사항]PC/모바일 기획 경력 3년 이상IA/UI 및 서비스 Flow 기획 경험자타부서와의 원활한 커뮤니케이션 가능 하신분[우대사항]다양한 분야의 기획경험이 있으신분플랫폼 개발프로세스 이해도 높은 분 에이전시 근무 경험자 우대기획 포트폴리오 제출시 우대'], '모집인원': ['0명', '0명', '0명', '0명', '0명']}


3,㈜호텔롯데 롯데월드,{'직무': ['AVR사업기획', 'AVR개발', '건축', '방재', '어트랙션정비(전기전자)', '어트랙션정비(기계정비)', 'LSS', 'LSS(설비)', '아쿠아리스트 (어류사육사)', '상품개발', '학예사 (민속박물관)', '무대기사(음향)\t', '상품물류', '매출심사', '단체마케팅'], '사업장 (근무지)': ['어드벤처 (서울 송파구)', '어드벤처 (서울 송파구)', '어드벤처 (서울 송파구)', '어드벤처 (서울 송파구)', '어드벤처 (서울 송파구)', '어드벤처 (서울 송파구)', '아쿠아리움(서울 송파구)', '아쿠아리움(서울 송파구)', '아쿠아리움 (서울 송파구)', '어드벤처(서울 송파구)', '어드벤처(서울 송파구)', '어드벤처(서울 송파구)', '어드벤처(서울 송파구)', '아쿠아리움(서울 송파구)', '언더씨킹덤(서울 은평구)'], '담당업무': ['(R&D 성과물 사업화)VR 개발상품 마케팅 계획 수립 및 판매전시회 참가 준비, 바이어미팅, 해외판매해외 영업 제반업무 (원가 분석, 가격 책정, 인허가 등)직급 (Grade)경력(SA)', '(VR 컨텐츠 및 기술개발)VR 프로젝트 개발(컨텐츠기획 및 기술개발)VR 어트랙션 및 Zone 관리컨텐츠 및 시뮬레이터 연동 및 기술적 유지보수직급 (Grade)경력(SA)', ' 복합단지 건축물 수선 진행 (환경개선, 개보수) 관리 범위 : 테마파크, 백화점, 마트, 호텔(객실제외)건축업무 투자공사 시공, 설계 관리건축물 관련 시설 유지보수 관리, 영선 관리건축업무 예산 계획건축업무 위탁계약, 파트너사 관리테마파크 각 팀별 건축관련 요청사항 협의, 검토, 실행직급 (Grade)경력/신입(JA)', '방재 설비 점검 및 보수소방시설 법정/작동기능 점검 업무소방안전교육 및 훈련 진행소방설비 관련 공사 진행직급 (Grade)경력/신입(JA)', '어트랙션 전기전자 설비 시공, 유지 관리 업무자동제어 시스템 관리 업무직급 (Grade)경력/신입(JA)', '어트랙션 기계정비 관련 업무직급 (Grade)경력/신입(JA)', '수질관리시스템 운영LSS 장비 유지보수 관리직급 (Grade)경력/신입(JA)', '건축물 기계/설비 유지관리 (냉동기, 보일러, 콤프레샤, 공조기, 승강기 등)직급 (Grade)경력/신입(JA)', '어류 사육, 전시, 사육 행정 업무생태설명회 진행 업무교육프로그램 개발 및 운영직급 (Grade)경력/신입 (전문직)', '디자인, 상품개발 MD캐릭터 상품 기획, 디자인 업무상품 소싱업체 발굴상품제작관리, 견적 및 매출관리직급 (Grade)전문CAST (계약직)', '박물관 전시, 행사 기획 및 운영역사프로그램 기획 및 운영전시관 내, 외부 운영 및 점검직급 (Grade)전문CAST (계약직)', '음향 연출 및 장비 운영직급 (Grade)전문CAST (계약직)', '상품 재고 관리상품 입출고 관리직급 (Grade)전문CAST (계약직)', '매출자금 수납 및 시재확인, 티켓관리매출집계, 매출확정 업무직급 (Grade)전문CAST (계약직)', '단체(기업체) 인원 유치 및 기업체 영업기업체 신규 제휴 관리기업체 및 대행판매 채널 신규행사 기획(단체마케팅 지원 업무) 단체 등록 및 지원, 현장관리 운영직급 (Grade)전문CAST (계약직)'], '자격요건 및 참고사항': ['자격요건해외영업 有경험자기술사업화 有경험자영어 능통자우대사항중국어 가능자 우대', '자격요건VR 컨텐츠 및 기술개발 경력 3년 이상 포트폴리오 제출 必전기/전자/기계 등 관련학과 전공자우대사항정부과제 R&D 수행 경험자 우대파워포인트 활용 가능자 우대영어 가능자 우대', '자격요건초대졸 이상 건축 관련학과 전공자건축 및 시공관련분야 자격증 소지자우대사항건축 관련 업무 경험자', '자격요건초대졸 이상 소방학과/안전공학과 등 관련학과 전공자소방설비(기계, 전기)기사, 소방설비 산업기사, 가스기사, 가스산업기사 위험물 산업기사 등 관련분야 자격증 소지자우대사항방재 관련 경력 3년 이상 우대', '자격요건초대졸 이상 관련 학과 전공자우대사항 관련 분야 자격증 소지자(자동제어 및 전기전자 등)  동종업무 또는 자동제어 시스템관리 관련 업무 경력 1년 이상 PLC프로그램 능숙자 근무시간07시 ~ 16시 / 13시 ~ 22시 (2교대 근무) 근무시간은 근무 스케줄에 따라 변동될 수 있습니다.', '자격요건초대졸 이상 관련 학과 전공자우대사항관련 분야 자격증 소지자(기계, 정비 등) 항공기, 열차 등 기계정비 관련 업무 경력 1년 이상 CAD 사용 가능자근무시간07시 ~ 16시 / 13시 ~ 22시 (2교대 근무)  근무시간은 근무 스케줄에 따라 변동될 수 있습니다.', '자격요건관련학과 전공자(환경/기계 등)자격증 : CAD/수질환경/온실가스/공조냉동기계/산업안전관리 등 산업기사 이상 자격증 소지자우대사항국내외 수족관 관련직무 경력 2년 이상수처리 시스템, 수질환경 관련 직무 경력 2년 이상건축물 기계/설비 관련 직무 경력 2년 이상', '자격요건관련학과 전공자(환경/기계 등)자격증 : CAD/수질환경/온실가스/공조냉동기계/산업안전관리 등 산업기사 이상 자격증 소지자우대사항국내외 수족관 관련직무 경력 2년 이상수처리 시스템, 수질환경 관련 직무 경력 2년 이상건축물 기계/설비 관련 직무 경력 2년 이상', '자격요건관련 학과 전공자 (해양생물,수산,생물 관련 전공자)우대사항자격증 : 스킨스쿠버, 수산양식, 수질환경, 수산질병, 해양, 생물 등 관련 분야 자격증 소지자기타수중촬영 가능자 (수중촬영 가능자는 반드시 자격란에표기 요망)어류 및 해양생물 사육, 전시 관련 경력 1년 이상어학가능자 (英, 日, 中)', '자격요건관련 업무 有경험자', '자격요건정학예사 3급 이상 자격증 소지자우대사항관련 업무 有경험자', '우대사항관련 업무 有경험자무대예술인 자격증 보유자', '우대사항관련 업무 有경험자자격증 : 컴퓨터 관련자격증', '우대사항관련 업무 有경험자산업위생관리, 대기환경 관련 자격증 보유자산업보건 및 산업위생분야 전공자 우대', '우대사항관련 업무 有경험자']}


6,㈜웨이버스,{'분야': ['국내/해외 개발', '국내영업', '해외영업', '품질관리'], '내용': ['Java/C/C++ 개발, SW/DB/아키텍처 설계 등 SW개발 유경험자해외 근무 가능자ArcGIS/오픈소스 개발 유경험자, PL/PM 유경험자 우대', '측량 및 공간정보 분야 유경험자', '사업조사 및 기획, 마케팅업무 유경험자영어 능통자 우대', '소프트웨어 프로세스(SP), ISO9001, 품질경영 업무'], '요구경력': ['경력 3년~15년', '경력 3년 이상', '경력 3년 이상', '경력 5년 이하']}


8,㈜엔씨아이티에스,{'모집부문': ['보안 관제', '시스템 관리 및 관제 (정규직 및 계약직)', '게임웹운영', '프론트엔드 개발자', '웹 개발자(단기 계약직)'], '담당업무': ['보안솔루션 운영 관리(IPS, IDS, WAF, EDR, Splunk, 백신 등)악성코드 분석 대응보안솔루션 탐지 정책 최적화 관리이상 트래픽에 대한 원인 파악랜섬웨어 유입 분석 대응취약점 진단 결과 검토 등', '게임 서비스 및 시스템 제어이벤트 모니터링 및 장애처리Cloud 시스템 운영 및 관제 수행 IDC 운용 시스템(서버/스토리지/네트워크/설치/구성/관리) ', 'NCSOFT 게임 웹 모니터링(교대근무) 게시물 검수고객동향 작성장애 전파공지 등록웹 콘텐츠 등록고객 문의 대응 등 ', '게임 이벤트 웹페이지 제작', '[주요업무]업무지원 시스템웹 어플리케이션 개발[기간]3개월'], '자격요건 및 우대사항': ['정보보안 3~6년 경력자보안을 고려한 네트워크 디자인 및 구성 경험이상징후 이벤트에 대한 분석 경험통합로그 시스템 이벤트 분석 경험 등 보안 침해 사고 대응 및 초동 대응에 대한 다수 경험 보유자Snort 룰 생성 및 적용 경험 보유자[우대사항]플랫폼 서비스에 대한 이해도 보유자보안관제 업무 수행 경험 보유자내/외부 협업을 위한 원활한 커뮤니케이션 능력 보유자', '학력 : 초대졸 이상(졸업예정자 가능)나이/성별 : 무관 경력 : 신입근무형태 : 교대근무(4조2교대) [우대사항]퍼블릭/ 프라이빗 클라우드 시스템 운영 및 관제 실무 유경험자 OS(Windows, Linux), 가상화, Cloud 시스템에 대한 기초 지식보유한 사람네트워크 환경에 대한 기본 이해가 있는 사람원활한 대인관계 및 커뮤니케이션 능력을 보유한 사람 성실하고 책임감이 강하며 적극적 마인드를 보유한 사람', '학력 : 초대졸 이상나이 : 무관경력 : 무관(신입포함)[근무형태]4조 2교대 (교대근무) 4조 - 주주휴휴야야휴휴2교대 - 1회 11시간 30분 근무[우대사항]NCSOFT 게임(리니지, 리니지2, 아이온, 블소, 러브비트)플레이 경험웹 모니터링 경험자커뮤니티 운영/관리 경험', '학력 : 무관나이 : 무관경력 : 3년차 이상Vue, React, tymeleaf 등 프레임워크 기반 개발의 이해가 높은유 경험자모바일 웹, 반응형 웹 서비스 개발에 대한 이해가 높은 유 경험자Webpack, task runner 등 번들링 환경에 대한 이해가 높은 유 경험자Tweenmax, css animation 등을 활용한 interaction 개발에 대한이해가 높은 유 경험자[우대사항]아래 예시 중 1개의 페이지를 선택해 화면 전환 효과와 선택한 특정 페이지 animation 개발 가능한 수준 lineage.plaync.com/update/history/2018/181011_shapechangeaion.plaync.com/events/2018/181121_colorbns.plaync.com/update/history/2018/180607_warrior', '[기술]Java Spring Front-End, Back-End 개발ORM(Hibernate)jQuery, jQuery UI 등 Front-End 개발Ajax, HTML5, CSS, Bootstrap'], '인원': ['0명', '1명', '1명', '3명', '2명']}


10,아주스틸㈜,{}


14,㈜지인테크,{'모집분야': ['기술지원\r\n'], '자격요건': ['\nCCTV 거래처 온라인 기술지원\nA/S처리 및 거래처응대 \n\n\n우대사항\n안산시, 시흥시 거주자 우대\n네트워크 관련 지식 및 관심있는 자 우대\n정보통신. 컴퓨터공학, 전기전자등 공학계열 학사 졸업자 우대\n정보처리기사, 산업기사등 관련 자격증 우대\n\n'], '모집인원 \r\n': ['0명']}


18,한국선불카드㈜,{}


21,㈜해커스어학원,{'구분': ['PHP프로그래머'], '고용형태': ['정규직'], '담당업무 및 자격/우대사항': ['  [담당업무] 서비스 웹사이트 개발 및 유지관리  백오피스 개발 및 유지관리   [자격사항] 학력/경력 : 무관 컴퓨터 관련학과 우대 신입 : 웹/앱 어플리케이션 개발 가능자 경력 : 동종업계, 웹/앱 개발 실무경력 1년 이상자 포트폴리오 또는 경력기술서 필수 첨부  [우대사항] 컴퓨터 관련학과 우대 소프트웨어 전산 전공자 및 관련 자격증 소지자  OOP/MVC 이해도가 높은 자 CI/라라벨 웹프레임워크 경험자  [근무환경] 근무지 : 강남역 본사 (강남역 9번출구 도보 5분) 근무체계  유연근무제 적용 (9시 또는 10시 출근) 야근 및 철야근무 시 익일 출근시간 조정   야근식대/간식대 지원 ']}


22,더조은컴퓨터아트학원,{'모집분야': ['빅데이터 활용 \r\n                    응용SW개발자', '웹/앱디자인취업연수생\r\n                      [스마트기기UI/UX디자인\r\n                    양성과정]', '건축설계분야취업연수생\r\n                    [BIM건축설계/인테리어]', '웹프로그래머', '게임분야취업연수생\r\n                    [게임그래픽전문가양성]'], '교육분야': ['\n서버프로그래머\n\n클라이언트 프로그래머\n', '\n웹디자인\n\n웹퍼블리싱\n', '\nBIM 건축설계\n\n실내건축설계\r\n                          (인테리어)\n', '\n자바(JAVA)프레임워크 개발\n', '\n2D, 3D그래픽디자이너\n\n맵퍼\n\n애니메이터\n\n이펙트디자이너\n'], '자격요건': ['\n구직 희망자\n\n고등학교 및 대학교 졸업자\r\n                          및 17년 졸업예정자 \r\n                          (전문대, 학점은행제 포함)\n', '\n구직 희망자\n\n고등학교 및 대학교 졸업자\r\n                          및 17년 졸업예정자 \r\n                          (전문대, 학점은행제 포함)\n', '\n구직 희망자\n\n고등학교 및 대학교 졸업자\r\n                          및 17년 졸업예정자 \r\n                          (전문대, 학점은행제 포함)\n', '\n구직 희망자\n\n고등학교 및 대학교 졸업자\r\n                          및 17년 졸업예정자 \r\n                          (전문대, 학점은행제 포함)\n', '\n구직 희망자\n\n고등학교 및 대학교 졸업자\r\n                          및 17년 졸업예정자 \r\n                          (전문대, 학점은행제 포함)\n'], '인원\xa0': ['00명', '00명', '00명', '00명', '00명']}


24,㈜아이디어빈스,{'모집분야': ['개발자 (Java, JSP) ', '개발자 (Android, IOS) '], '담당업무': ['  Back-End 및 Front-End Java, JSP, Spring, mybatis, jquery 등 Linux, / Web / WAS  ', '  Android(Java) 앱 개발 Ios(Obj-c, Swift) 앱 개발 하이브리드 앱 개발 앱 유지보수  '], '자격요건': ['  자격요건 학력 : 초대졸이상 경력 : 3년 이상 ~ 12년 이하  우대사항 DB 설계 경험자 PM / PL 유경험자 ASP, PHP 경험자  ', '  자격요건 학력 : 초대졸이상 경력 : 3년 이상 ~ 10년 이하  우대사항 Java, Spring 개발 경험자 Los, Android 동시 가능자 정보처리기사  '], '인원': ['0명', '0명']}


26,(주)동서가구,{'모집분야': ['CS상담사', '웹디자이너', 'MD', '보조MD', '웹개발'], '담당업무': ['쇼핑몰 고객응대게시판 처리해피콜', '인터넷쇼핑몰웹디자인 관련 업무행사기획전, 배너제작상세페이지 제작홈페이지 관련 업무', '쇼핑몰 상품 운영행사진행상품관리, 기획제휴사 관리소품 MD 경력자 별도 모집', '메인 MD 보조업무사무보조 업무', 'PHP, MYSQL 프로그램 개발 및 유지보수ERP 시스템 프로그램개발 및 유지보수오라클, CSS'], '자격요건': ['학력 : 고졸이상경력 : 신입/경력[우대사항]CS업무에 대한 이해도와 적성이 맞는분성실하고 예의가 바른 분즉시출근 가능자, 동종업계 경력자대인관계 원만하신 분', '학력 : 초대졸이상경력 : 신입/경력[우대사항]쇼핑몰 경력 1년이상직무에 대한 이해도와 관련 스킬이 능숙한 분즉시출근 가능자, 동종업계 경력자대인관계 원만하신 분', '학력 : 초대졸이상경력 : 경력(1~2년도 가능)[우대사항]자사쇼핑몰 운영 경력 1년이상가구에 관심이 많은분성실하고 예의가 바른분즉시출근 가능자, 동종업계 경력자대인관계 원만하신 분', '학력 : 고졸이상경력 : 신입가능[우대사항]배움에 대한 의지가 강한분성실하고 예의가 바른 분즉시출근 가능자, 동종업계 경력자 대인관계 원만하신 분', '학력 : 무관경력 : 3년이상[우대사항]직무에 대한 이해도와 관련 스킬이 능숙한 분즉시출근 가능자, 동종업계 경력자대인관계 원만하신 분'], '모집인원 ': ['○명', '○명', '○명', '○명', '○명']}


28,㈜밀버스,{'모집분야': ['웹 솔루션 개발'], '담당업무': ['JAVA 기반 웹 솔루션 및 웹 서비스 개발'], '자격요건': ['  자격요건 학력 : 무관 신입 경력자 : 3년이상 성별 : 무관   기본요건 Back-End(Spring framework/myBatis/MySQL) Server(Apache Tomcat WAS Setting and Management) Secure Coding   우대사항 마케팅 솔루션 개발 경력 우대 기본요건 외 추가 개발 환경 경험 우대 포트폴리오 제출자 우대 서버관리 경험자 우대  '], '모집인원': ['00명']}


31,아시아블로이코리아㈜유니락,{'모집분야': ['연구 개발부 전자팀(경력)'], '담당업무': ['MCU 기반 펌웨어 개발용언어 : C,C++기타 제품 검증/디버깅'], '자격요건': ['IoT 개발 경험자 우대디지털락과 관련단품 또는 시스템 제품개발경력 : 5년 이상'], '인원': ['0명']}


32,㈜아이.비.에스,{'모집부문': ['JAVA ', ' 소프트웨어 시스템\xa0\xa0', '장비자동화'], '담당업무': ['SW개발', 'SW개발', '자동화 '], '전공 및 자격요건': ['[자격요건]웹 / 모바일 UX, UI 디자인 개발AWS / Cloud 관련업무Java Script 개발 [공통부문]학력 : 초대졸이상(2,3년)이상경력 : 경력(5년 이상)', ' [자격요건(시스템 개발)] Language : C#, .NET 등 DB : Orade 또는 MS-SQL 등 [공통부문] 학력 : 초대졸이상(2,3년)이상경력 : 신입 및 경력무관  ', '[자격요건(장비자동화)]  Language : C#, .NET, CIM, 모션제어, 머신비전 등 DB : Orade 또는 MS-SQL 등 [공통부문]  학력 : 초대졸이상(2,3년)이상 경력 : 경력(3년이상) '], '고용형태': [' 정규직프리랜서(근무기간:협의)', ' 정규직 프리랜서  \xa0(근무기간:협의) ', '정규직프리랜서  \xa0(근무기간:협의)  '], '인원': ['2 명', '0 명\xa0', '1 명']}


34,한국캐피탈㈜,{'모집부문 (직급)': ['영업 (차장)', '영업(대리)', 'IT(사원~대리) ', '론센터영업지원'], '고용형태': ['정규직 (○명)', '정규직(○명)', '정규직(○명)', '계약직(○명)'], '모집부문': ['경력', '경력', '경력', '신입 경력'], '담당업무 및 자격요건': [' 내구재 및 렌탈 영업 경력 5년이상 팀장급  금융업권 동일업무 경력자 우대  ', ' 내구재 및 렌탈 영업 경력 3년이상 대리급  금융업권 동일업무 경력자 우대 ', ' ERP시스템 개발 및 운영  Java, Java-script 개발가능자 우대 오라클 가능자 우대금융전산 개발 및 운영경력 1년이상 ', ' 론센터 가조회 및 서류접수업무 금융업권 동일업무 경력자 우대'], '근무지': ['서울', '서울', '서울', '서울 (강북)']}


35,㈜쓰리탑,{'부문': ['웹개발(JSP)', '웹개발(JSP)'], '구분': ['신입', '경력'], '인원': ['0명', '0명'], '담당업무': ['e-Commerce (대형 쇼핑몰 등)시스템 개발/유지보수', 'e-Commerce (대형 쇼핑몰 등)시스템 개발/유지보수'], '자격요건 및 우대사항': ['대졸 이상개발 관련 전공자JAVA(JSP), Oracle 가능자쇼핑몰 개발에 관심있는 자개발관련 교육센터 이수자 우대정보처리기사 자격증 보유자 우대', '초대졸 이상경력 3년 이상JAVA(JSP), Oracle 가능자e-commerce 시스템 개발 및 유관업무경험자 우대분석/설계 경험자 우대대규모 SI 프로젝트 경험자 우대정보처리기사 자격증 보유자 우대']}


38,㈜엘에이치,{'모집분야': ['디지털 마케팅 - 경력', '디지털 광고디자인- 신입- 경력', 'IT 개발- 경력', 'IT기획 (웹/앱)\xa0-경력\xa0'], '담당업무': ['  디지털 마케팅 전략수립 디지털 기반의 캠페인, 프로모션, 이벤트 기획 및 실행 효과적인 캠페인을 위한 매체기획 및 집행  ', '  디지털 프로모션 페이지 & 배너 제작 소셜미디어 운영 사이트 리뉴얼 및 유지보수  ', '  정형/비정형 데이터 분석엔진 연구/개발 통계, 데이터마이닝, 머신러닝 활용 분석 알고리즘 적용 또는 구현, 테스트를 위한(Python 등) 개발  머신러닝, 인공지능 기반 데이터 분석  데이터의 연구 분석과 다양한 문제에 대한 연구 및 솔루션 개발  ', '  Web, App 구축/운영 Web/App 운영 기획 업무 기능개선 및 신규 프로젝트 구축 업무 프로젝트 관리 및 커뮤니케이션  '], '자격요건': ['  디지털 마케팅 기획/실행 경력자 디지털 마케팅 유 경험자로 관련 지식과 기술 보유자 특정 광고주와 6개월 이상의 프로젝트 진행 경험자   우대사항 PC/MO 모두에 대한 퍼포먼스 마케팅 실무경험자 애드네트워크 및 각종 솔루션을 통한 분석 실무 경험자 게임 마케팅 실무 경험자 디지털 마케팅 대행사 및 미디어랩사 경력 우대 영어 가능자 우대 ', '  디자인 전공 포트폴리오   우대사항 광고마케팅 이해 아이데이션 경험 온라인 매체 경험 및 지식 ', '  Python ML/DL 분야에 대한 기본지식 및 학습의지 데이터 마이닝 또는 머신러닝 관련 프로젝트 경력   우대사항 Deep Learning Framework 사용(Scikit-Learn, Tensorflow, Caffe, Theano 등) 머신러닝을 통한 서비스 경험자 통계, 분석 능력자 ', '  웹기획 업무 경력 (3년 이상) 구축 프로젝트 A to Z 프로세스 이해   우대사항 PM/PL 프로젝트 경험  에이전시 경력 '], '모집인원': ['경력 0명(3년이상 대리/과장/차장)', '신입 0명경력 0명', '경력 0명 (3년 이상)', '경력 2명(5년이상 과장/차장)']}


39,㈜미디어로그,{'채용부문': ['서버 개발  (PM급/선임급/사원급 각 0명)', '통신분야 SI/SM'], '자격조건': ['  [필요스킬]  Spring 기반 Java 어플리케이션 개발 가능자 (DB 설계) HTML, Javascript를 이용한 Web UI 개발 가능자  [경력 (경력 연수가 다소 차이가 있어도 지원 가능)]  [PM] 8년 이상~ [선임급(대리~과장)] 5년~8년 이하 [사원급(선임~대리)] 3년 이상~5년 이하 ', '  [업무내용]  NMS Application 개발 및 운영  [필요스킬] 개발스킬 :  개발언어 : JAVA, Python(선택) 실시간/배치 서비스 개발 경험 개발환경 : Linux/Unix, Oracle/MySQL, MS-SQL  [경력]  3년 이상~8년 이하 '], '우대사항': ['  Linux, Tomcat, Apache 사용 가능자 우대 Oracle, MariaDB, MySQL 사용 가능 [PM] PM 경력자  ', '  통신분야 NMS 개발 경험자(네트워크 장비 모니터링, 제어 등) Network Programming 경험자 Open Source Software를 이용한 개발 경험자 (Hadoop, Kafka, Elasticsearch, MQ 등) HTML5, AngularJS 개발 경험자  '], '근무지': ['상암/평촌', '마곡/상암']}


41,드림원시스㈜,{'모집분야': ['솔류션팀', '웹팀', '고객지원팀'], '해당 공고 자세히 보기': [' 해당 공고 바로 클릭 ', ' 해당 공고 바로 클릭 ', ' 해당 공고 바로 클릭 '], '모집인원': ['○명', '○명', '○명']}


43,㈜비상교육,{'부문': ['출판', '출판', '출판', '교재혁신', '교재혁신', '교재혁신', '교재혁신', '사업전략', '교과서혁신', '교과서혁신', '디지털교육', '디지털교육', '디지털교육', '디지털교육', '디지털교육', '디지털교육', '디지털교육', '디지털교육', '디지털교육', '디지털교육', '디지털교육', '디지털교육', '디지털교육', '디지털교육', '디지털교육', '디지털교육', '디지털교육', '이러닝', '이러닝', '이러닝', '이러닝', 'T-Project', 'T-Project', '유아교육', 'T&P', '지원', '지원', '지원', '지원'], '요청부서': ['멀티미디어 개발', '플래닝', '문제은행 기획', '수학개발2', '초등수학', '초등수학', '과학개발2', '교과서 웹서비스 기획', '역사', '부도개발', '사업추진', '사업추진', '디지털서비스기획', '글로벌영업1', '교육전략', '교육전략', '한국어사업', '한국어사업', '디지털신사업', '디지털신사업', '디지털신사업', '디지털신사업', '디지털신사업', '디지털신사업', '스마트학습물 개발', '스마트학습물 개발', '스마트학습물 개발', '이러닝상품전략', '이러닝영상기획', '이러닝컨텐츠기획', '이러닝개발', 'T-Project', 'T-Project', '유아교육혁신', '웹커뮤니케이션', 'IT전략', '정보보안', '재무운용', '경영혁신'], '모집직무': ['동영상 촬영 및 콘텐츠 개발 지원', '디자인기획', '문항 편집 및 레이아웃 수정', '고등 수학교재 기획 및 개발', '초등 수학 교재 개발', '초등 수학 교재 개발', '고등 과학 교재 개발(물리학)', '웹기획', '역사 교과서, 교재 개발', '부도 편집 디자인', '웹기획', '영업기획', '웹기획', '해외영업 제휴업무', '초등 FC교육(국내)', '초등 FC교육(국내)', '웹&전략기획', '스마트 컨텐츠 기획', '초등영어 컨텐츠 기획/개발(PM급)', '초등영어 컨텐츠 기획/개발', '디지털 교수설계', '영상개발', '웹/모바일 시스템 기획(PM급)', '웹/모바일 서비스 기획', 'MSSQL운용/엑셀데이터처리/디지털콘텐츠개발', '온라인 학습물 기획', '스마트 학습물 제작', '마케팅', '이러닝영상기획', '이러닝컨텐츠기획', '웹개발', '센터운영 총괄', '웹/SNS 마케팅', '기획개발', '티스쿨 사이트 운영', 'IT인프라 전산담당 (서버/네트워크/보안)', '정보보안', '재무', '내부감사'], '직무내용 및 자격요건': ['[필요역량]동영상 촬영 경력 3년~5년스케치 및 인터뷰 촬영 가능자Adobe Premiere 로 기본 컷 편집 가능자캐논 5d mark2, mark3 운영 필수영상물 정보 기록 및 관리 가능자[면허/자격]운전 가능(필수)촬영 경력 3년 이상동영상 편집 가능[학력]전문대졸[경력]4~6(1~3)년', '[필요역량]크리에이티브 역량을 바탕으로한 적극적이고 주도적인 디자인 기획 업무 수행 능력.프로젝트를 전체적으로 파악하고, 전략적으로 크리에이티브를 기획하는 능력.디자인 트렌드에 대한 이해와 리서치 능력.자신의 생각을 말이나 이미지로 설득 할 수 있는 논리력과 구현능력.디자인 뿐 아니라, 다양한 분야에 대한 관심.다양한 분야의 동료들과의 대화 능력.[면허/자격]디자인 전공자광고, 홍보물 편집 디자인 유경험자디자인 개발 툴 능통자 (인디자인 ,포토샵, 일러스트)[학력]대졸[경력]신입(1~3년)', '[필요역량]초, 중, 고등 문항 한글 파일 편집 및 수식 입력긍정적인 마인드원활한 소통 및 협업 능력[면허/자격]한글, 엑셀 프로그램 사용 능력 중급 이상일러스트, 포토샵 가능자 우대[학력]무관[경력]신입', '[필요역량]고등 수학 교과 내용 파악 및 이해[면허/자격]수학 또는 수학교육 전공자중고등 수학 교재 및 교과서 개발 유경험자 우대[학력]대졸[경력]4~6(7~9)년신입', '[필요역량]초등수학 교과 내용 파악 및 이해자초등수학 교재 기획 및 개발 역량 보유자[면허/자격]수학 또는 수학교육 전공자[학력]대졸[경력]4~6(7~9)년7~9(4~6)년', '[필요역량]교재 개발 업무 역량(기획/ 원고 작성/ 원고 검토/ 편집 및 교정)후배 육성 역량 및 동료와 소통 역량[면허/자격]수학 또는 수학교육 전공자15개정 초등수학 교육과정에 대한 이해 및 교재 개발 경력[학력]대졸[경력]10~12(13~15)년', '[필요역량]중고등 과학(물리학) 교과 내용 파악 및 이해자중고등 과학(물리학) 교재 기획 및 개발 능력중고등 과학 교수 경험자 우대과학 교과서 개발 경험 우대[면허/자격]물리학 관련 졸업자 및 졸업예정자2급 정교사 자격증 우대[학력]대졸[경력]4~6년(신입)', '[필요역량]신규 웹서비스 설계 및 자사 사이트 운영데이터 분석 및 UX/UI 이해도에 기반한 Front/Back-end 설계Microsoft Office 활용능력 (중/상급)적극적이고 능동적인 업무 수행 태도 및 소통 역량[면허/자격]모바일 웹, 앱 기획 및 PL 경험자 우대[학력]대졸[경력]4~6년', '[필요역량]중고등 역사 교육과정 이해중고등 역사 교재, 교과서 개발 경험업무 주도성 및 소통 능력[면허/자격]사학, 역사 교육, 문화 콘텐츠학 등 역사 관련 전공자[학력]대졸[경력]4~6(1~3)년', '[필요역량]디자인 기획력열린 사고와 원활한 소통력색채와 타이포그래피에 대한 이해디자인 트랜드에 대한 관심[면허/자격]디자인 관련 전공자 또는 경력자디자인 툴 능통자(인디자인, 포토샵, 일러스트)부도, 교과서, 교재 디자인 개발 경험 우대[학력]전문대졸[경력]4~6(1~3)년', '[필요역량]Web 기획영어FC(학원)사이트 운영 능력고객 요구사항 분석 및 운영LMS 기획 및 운영[면허/자격]초등영어 FC WEB 기획 및 서비스 운영 경력자[학력]대졸[경력]4~6(1~3)년', '[필요역량]초등 영어학원FC 영업&기획FC지사관리 및 지원학원가맹 사업설명회 지원 및 지역 마켓팅 유경험자[면허/자격]초등FC 유경험자FC 가맹사업 유경험자[학력]대졸[경력]4~6(7~9)년', '[필요역량]새로운 서비스를 생각할 수 있는 창의적인 사고시스템의 로직을 설계할 수 있는 논리적인 사고디지털 기술에 대한 이해열린 커뮤니케이션[면허/자격]IT관련 전공자 우대[학력]전문대졸[경력]4~6년', '[필요역량]일어 구사력 필수, 비즈니스 상담 가능자 (면접시 테스트 진행)해외영업 경험 필수해외영업네트워크 관리 경험 우대해외전시회 관련 경험 우대[면허/자격]해외출장 결격사유 없어야 함[학력]대졸[경력]7~9년', '[필요역량]초등 영어학원FC 교육&교수설계 직무 경험 영어FC지사&가맹점 교육 유경험자영어학원 설명회 강의 및 기획 유경험자[면허/자격]초등 FC 영어 교육&교수설계 유경험자[학력]대졸[경력]7~9(4~6)년', '[필요역량]커뮤니케이션 능력 및 서비스 기획에 대한 이해초등 교육과정에 대한 이해영어교과내용 파악 및 이해[면허/자격]초등 FC 영어 강의 유경험자영어전공자 우대[학력]대졸[경력]신입', '[필요역량]한국어 사이트 기획 및 프로모션. 회원운영에 필요한 기획능력프로젝트성 기획업무 경험업무 소통의 능력 (디자이너, 퍼블리싱. 개발자와의 IT 소통능력필요)영어능력자 우대[면허/자격]온라인 교육사이트 운영 경험자 우대Web Agency 경력자[학력]전문대졸[경력]1~3년', '[필요역량]스마트컨텐츠 프로그램 업무에 필요한 능력 (교재의 스마트컨텐츠 기획, 멀티미디어 콘텐츠(영상, 음성) 진행, 디지털라이징)교재 제작(교재 제작을 위한 저자 소통 및 매니지먼트)외주 관리(아웃소싱 업체의 품질, 일정 관리 등)[면허/자격]교육사이트 스컨기획 경험자 우대이러닝 사이트 경험자 우대한국어자격증 소지[학력]전문대졸[경력]4~6년', '[필요역량]초등영어 커리큘럼 기획초등영어 컨텐츠 기획/개발관리초등영어 교재 기획/개발관리초등영어 스마트러닝 기획/개발관리[면허/자격]초등영어학원 경험자 우대ELT교재 개발 경험자 우대영어능통자 우대[학력]대졸[경력]10~12(13~15)년', '[필요역량]영어 컨텐츠 기획/개발영어 교재 기획/개발영어 스마트러닝 기획/개발[면허/자격]초등영어학원 경험자 우대ELT교재 개발 경험자 우대영어능통자 우대[학력]대졸[경력]7~9(10~12)년', '[필요역량]스마트러닝 교수설계스마트러닝 컨텐츠 기획/개발 관리[면허/자격]교육학 전공자 우대영어/수학 전공 자 우대[학력]대졸[경력]4~6(7~9)년', '[필요역량]교육용 영상기획 및 영상개발관리[면허/자격]영상 관련 업무 경험자 우대영상 편집 SW 사용 가능자 우대영어 가능자 우대[학력]전문대졸[경력]4~6(7~9)년', '[필요역량]웹/모바일 교육서비스 기획/개발교육시스템 기획/개발/운영(CMS, LMS 등)프로젝트 PM 역량[면허/자격]온라인 교육사이트 운영 경험자 우대Web Agency 경력자 우대Database 관련 역령 보유자 우대IT시스템 설계역량 보유자 우대[학력]전문대졸[경력]10~12(13~15)년', '[필요역량]웹/모바일 서비스 기획/개발관리교육시스템 기획/개발/운영(CMS, LMS 등)[면허/자격]온라인 교육사이트 운영 경험자 우대Web Agency 경력자 우대[학력]전문대졸[경력]7~9(10~12)년', '[필요역량]MS-SQL 가능자 (함수/프로시저, update/insert/select 등 쿼리 운용 숙련자)MS엑셀 능숙자(함수/VBA)[면허/자격]엑셀VBA 가능자 우대웹(asp, javascript) 개발 가능자 우대[학력]전문대졸[경력]1~3(4~6)년', '[필요역량]온라인학습물 기획/개발영어학습 콘텐츠 기획프로젝트 관리 능력(PM역량)[면허/자격]컴퓨터활용능력관련 자격 우대영어가능자[학력]전문대졸[경력]1~3(4~6)년', '[필요역량]영어학습물 UI제작 역량기본적 디자인 역량그래픽소프트웨어(포토샵 등) 운용 역량[면허/자격]디자인 자격증 우대[학력]전문대졸[경력]1~3(4~6)년', '[필요역량]이러닝 상품 전략 수립 및 프로모션 기획데이터 지표, 고객 요구 사항 분석 및 문제해결 능력교육사업에 대한 이해도가 높고 책임감이 투절한 자적극적이고 원만한 대인관계 및 커뮤니케이션[면허/자격]엑셀/PPT 등 OA 활용 수준 중 이상마케팅/기획 관련 업무 有 경험자[학력]전문대졸[경력]4~6년', '[필요역량]이러닝 강의에 대한 이해프리미어, 파이널컷프로, 에프터이펙트 등 편집, 모션 소프트웨어 사용 가능자포토샵 사용 가능자원할한 커뮤니케이션 가능자[면허/자격]온라인 교육사이트 경험자 우대영상관련 전공자 우대[학력]전문대졸[경력]1~3년(신입)', '[필요역량]중등 사이트 운영에 필요한 온라인 강좌 기획, 홍보강사 및 내부 직원간의 원활한 커뮤니케이션 능력초, 중등 교과 및 교육과정에 대한이해고객 요구사항 분석 및 대응능력[면허/자격]중, 고등 온라인 교육사이트 컨텐츠 기획/운영 경험자 우대[학력]대졸[경력]4~6(1~3)년', '[필요역량]언어 : asp 및 .net (javascript, php및 jsp가능자 우대)DB : ms-sql관리 및 개발서버 : 윈도우즈 서버[면허/자격]IT관련 자격증 소지자 우대[학력]무관[경력]1~3(4~7)년', '[필요역량]유사센터 운영 경험(필수)센터 이슈 대응 능력프로그램 개발 역량고객 응대 역량[면허/자격]체육관련 자격레크레이션 자격소방안전시설 운영 자격응급구조 자격[학력]전문대졸[경력]8~12년', '[필요역량]CRM솔루션 운영 경험웹/SNS 마케팅 경험이벤트 기획센터운영 지원[면허/자격]Web Agency 출신 우대[학력]대졸[경력]4~7년', '[필요역량]유아 교사를 위한 멀티미디어 콘텐츠 기획누리과정 및 표준보육과정의 이해유아교육 현장과 시장에 대한 이해[면허/자격]유치원 정교사 및 보육교사 소지자 우대[학력]대졸[경력]7~9(4~6)년', '[필요역량]연수원 사이트 운영고객관리 및 고객대응 경험연수원 행정운영 경험교육 서비스 운영 경험[면허/자격]온라인 교육사이트 운영 경험자 우대[학력]전문대졸[경력]신입', '[필요역량]대내외 서비스 시스템 운용 관리 담당서버(ms, linux) 설치 운용 관리네트워크 L2, L3, L4 구축 및 운용 관리보안 DDOS, IPS, FW, WFW 운용 관리시스템 장애대응, 정보보안, IDC 운용 경험DB(MSSQL, MYSQL) 운용 경험[면허/자격]서버 관련 자격 (MCP, MCSA)네트워크[학력]대졸[경력]4~6년', '[필요역량]정보보호관리체계(ISMS) 운영 및 인증 경험기업 정보보안-개인정보보안 업무 경험(3년이상)서버/DB/네트워크 등 정보보호 업무(기술적) 이해원만한 의사소통 능력[면허/자격]정보보안 유관학과 전공자정보보안관련 자격증 소지자 우대[학력]대졸[경력]4~6년', '[필요역량]회계전공자(경영학 등 상경계열 포함)반기 법인결산 경험 2회 이상재무제표 작성법인세, 부가세, 원천세 신고[면허/자격]K-IFRS 결산경험자 우대재경관리사등 회계 및 세무자격증 소지자, CPA 및 CTA 준비 경험자 우대[학력]대졸[경력]4~6(1~3)년', '[필요역량]경영기획/재무경력자경영/회계 관련 전공[면허/자격]내부감사/회계/경영 지도 관련 자격증 소지자 우대[학력]대졸[경력]4~7년'], '채용형태': ['계약직', '정규직', '계약직', '정규직', '정규직', '정규직', '정규직', '정규직', '계약직', '계약직', '정규직', '정규직', '정규직', '정규직', '정규직', '정규직', '정규직', '계약직', '정규직', '정규직', '정규직', '계약직', '정규직', '정규직', '정규직', '정규직', '계약직', '정규직', '계약직', '정규직', '정규직', '정규직', '정규직', '정규직', '계약직', '정규직', '정규직', '정규직', '정규직']}


44,인피콘㈜,{'모집분야': ['Application Engineer', 'ServiceEngineer누설검사기 서비스 엔지니어'], '담당업무': ['Application Engineer(반도체, 디스플레이)', 'LDT Service engineer누설검사기 수리 및 원인분석서비스 매출 관리고객 기술지원(현장 기술 지원 및 어플리케이션 상담)해외 본사와의 커뮤니케이션고객 기술 교육'], '자격요건': ['학력 : 대학원 졸업(석사) 이상 학력 보유자(화학 관련)경력 : 신입 혹은 경력[필수요건]운전 가능자', '학력 : 대졸(초대졸 지원가능)전공 : 이공계열경력 : 신입 (30세 이하)[필수요건]자차 보유가능자운전면허 1종 보통[기타]영어 회화 가능자 우대'], '모집인원': ['0명', '0명'], '근무지': ['경기도 수원', '경기도 수원']}


46,모닝정보㈜,{'모집분야': ['ERP 컨설턴트', 'ERP개발자', 'ERP 영업\xa0'], '담당업무': ['\xa0ERP 컨설팅', 'ERP 개발업무 ', ' ERP 영업'], '자격요건': ['ERP 컨설팅 PM급 9년 이상ERP 구축 또는 일반 회계업무\xa0 경험자물류부문 경험자', '시스템 혹은 프로그램 개발 경력 무관VB6 혹은 C#, MSSQL 사용 가능ERP 경험자 우대HANA DB\xa0경험자 우대', '영업경력 6년 이상개발 및 운영ERP\xa0영업\xa0경력자\xa0우대'], '모집인원': ['0명', '0명', '0명']}


48,SSG.COM,{}


49,㈜이인티그레이션,{'모집분야 ': ['IT 엔지니어  (WAS/APM(JENNIFER)) '], '담당업무': ['WAS/JENNIFER 기술지원  (사원, 대리급) '], '자격요건': ['  [자격요건] 학력 : 고졸이상 경력 : 신입 또는 경력1~2년 성별 : 무관   [주요업무]  WAS, APM(JENNIFER)기술 지원 및 프로젝트 수행 고객사 방문 제품 설치, 기술지원 제품기반 튜닝, 장애지원 유지보수 고객사 정기점검   [우대사항] 컴퓨터 및 전산관련 전공자 우대 IT전문 교육기관에서 Java 또는 Linux 기술 과정 이수자 우대 전반적인 IT 인프라 및 Java 어플리케이션 영역에 관심있는자 우대 미들웨어, APM제품 유경험자 우대  '], '모집인원': ['0명내외 ']}


50,㈜윤진전자,{'직무': ['H/W설계(0명)', 'S/W설계(0명)', '생산관리(0명)'], '경력유무': [' 경력(차,부장급) ', '경력(대리,과장급)', ' 경력(과,차장급) '], '담당업무': ['회로설계 및 PCB설계H/W 설계 및 검증FMEA, 도면검토 및 승인', 'MCU 프로그램 설계', '생산계획 관리생산실적 관리생산공정 관리(공정분석 및 개선)'], '자격요건': ['[지원자격]전장품 H/W 회로설계 유경험자경력10년 이상[우대사항]자동차 전장품 H/W설계 경험자자동차 디지인리뷰 업무 유경험자영어 또는 중국어 능통자ORCAD, PADS 사용가능자', '[지원자격]NXP, Microchips, MELEXISMCU프로그램 설계 가능자경력 3년이상[우대사항]CAN, LIN 통신 관련 설계 유경험자현대,기아자동차 관련업무 경험자 우대', '[지원자격]초대졸 이상경력 5년 이상[우대사항]자동차부품(전자) 생산관리 유경험자PCB 관련공정 및 assembly공정 유경험자'], '근무지': ['기업부설연구소(경기 광명시)', '기업부설연구소 (경기 광명시)', '경기 광명시']}


52,㈜아이마켓코리아,{'구분': ['퍼블리셔운영/개발(계약직)'], '모집분야 및 직무': ['퍼블리셔 아이마켓 PC/모바일 사이트 운영 및 개발(리뉴얼 포함)'], '응시자격': ['퍼블리셔 경력 2년이상초대졸 이상HTML, CSS, HTML5, CSS3, javascript,jQuery 활용 가능자웹 표준, 웹 접근성,크로스 브라우징 가능자'], '근무지': ['본사']}


54,유진엠㈜,{'모집분야': ['FS단체급식 신규사업장 개발'], '담당업무': ['단체급식 수주 개발 영업위탁 급식 컨설팅제안서 작성제안내용 프리젠테이션(PT)수주영업'], '자격요건 및 우대사항': ['[자격요건]단체급식 개발영업 경력자프리젠테이션(PT) 다수 유경험자[우대사항]파워포인트 우수 사용자수도권 지역 전문(산업체 중심 DB별도 소지자)운전 능숙자'], '모집인원': ['○명']}


56,야마하뮤직코리아㈜,{'모집부문': ['관리그룹 경영관리팀/ 전산담당', '음향기기영업그룹 PA영업팀(Professional Audio) /PA기술영업', '음향기기영업그룹 AV영업팀(Audio & Visual) /AV영업', '사업기획그룹 영업지원팀 / EC담당', '사업기획그룹 영업지원팀 / YMCC 담당YMCC - Yamaha Music Communication Center', '음향기기영업그룹 CS팀'], '담당업무': ['IT 전반에 대한 매니징 및 개선제안, 각 사안별 업무방향성 수립 및 기한별 스케쥴 관리그룹 IT 관리규정의 기술적 이해 및 차이점 분석 후 일본 본사와 의사소통(영어) 및 본사의 각종 방침에 대응솔루션 등 시스템 개발 및 도입 시, 개발업체 와 사내 요구사항 - 개발범위 등에 대한 업무조율 및 관련 네트웍 보안, 기술적 유의사항 체크IT 인프라 (서버실 및 IDC 장비 등) 유지보수업체 컨트롤 및 유지보수표의 정기확인 후 유요한 개선 요구개인정보보호법에 따른 개인정보 관리 및 각종 소프트웨어의 저작권법 침해 방지 조치PC 및 OA 기기 초기세팅 및 사용장애 해소Help Desk 담당자에 대한 코칭 및 관리 Hepl Desk 업무 : 시스템별 ID 생성 및 권한 정기 모니터링', '야마하 PA제품(음향, 디지털믹서, 프로세서) 기술영업대리점 기술 연수 교육디지털믹서 제품교육프로세서 셋팅 및 교육PA세미나 기획 및 실행대리점 기술 지원대형 PA시스템 설계 제안 영업', '야마하 AV제품 영업AV 판매 기획, 마케팅AV 판촉 및 세일즈 프로모션AV 시장 분석 및 대응', '직영백화점 강화 업무(판매전략 입안, 매출 관리, 연수 교육, 이벤트 기획 · 지원, 점포 디자인 기획 등)On-Line Shop의 기획 · 운영 · 관리조직 횡단적 마케팅 플랜 및 이벤트 · 판촉의 기획, 집행3번의 내용을 포함한 PR, Logo, YMCC 관리등시장조사, 판매분석 및 신규판매방안 입안지원기타 사업 기획의 업무 전반', '사업기획그룹 전반업무YMCC에서 접수, 접객, 기획 업무 YMCC 내방 고객 접수, 상품 설명, 상품 제안, 독자적인 이벤트 및 세미나 기획 실행홀, 연습실 등 예약관리, 조정, 보고서 작성YMCC 시설 운영 및 관리 시설 및 악기 등 관리업무 (악기 청소 포함)', '서비스 기획자재 및 서비스 센터 관리 (자재관리, 전산시스템 활용에 의한 입출고 및 데이터 산출, 분석)CS품질개선을 위한 AS센터 및 CS환경개선 기획, 실행고객 대응 (인바운드 콜 및 고객문의 대응)해외 거점 커뮤니케이션 - 자재 공급 및 서비스 매뉴얼 관련 문의CS팀 사무업무 - 문서 작성 및 보고'], '자격요건': ['전공 : 전자 또는 컴퓨터 공학외국어 : 영어 필수(중상급 이상) 경력년수 및 우대경험업무 관련 경력 최소5년 이상위 업무 유경험자 인성조건 매사에 적극적이고 책임감이 투철하며 긍정적인 사람PC능력 MS Office를 활용한 기본적 문서작성에 제한이 없는 수준', ' 전공 및 자격증 전공 : 전기, 전자, 음향전기 전자 음향관련 자격증 소유자 우대외국어 : 비즈니스레벨의 일본어 또는 영어 가능자 경력년수 음향관련업계(기술파트) 경력 5년 이상디지털믹서관련 교육 및 기술지원업무 경력자Audio 네트워크 관련 기술지원업무 경력자 전공 및 자격증 전공 : 전기, 전자, 음향전지 전자 음향관련 자격증 소유자 우대 인성조건 착하고 밝은 성격, 적극적인 성격 소유자커뮤니케이션이 원만한 사람PC능력 : 엑셀 및 파워포인트 중급이상', '학력 : 대졸 이상외국어 : 비즈니스레벨의 영어 가능자 우대경험 IT, AV 전자업계 유통업 근무 유경험자AV전자제품에 대한 전공 및 관련지식보유자영업 기획, 마케팅 업무 경험자홈시어터, 오디오, 하이파이 오디오 관련 지식 보유자전공 : 무관PC능력 : 엑셀 상급 (데이터 수집, 분석) 인성조건 착하고 밝은 성격, 적극적인 성격 소유자커뮤니케이션이 원만한 사람', '전공 : 무관외국어 : 일본어 또는 영어 상급자 경력년수 및 우대경험 관련경력 1년 이상마케팅, 기획 업무 또는 영업 경험자 우대백화점이나 Mall등에서의 영업관리 업무 또는 백화점 대상 도매영업이나 직영점 운영경험자 우대 인성요건 커뮤니케이션 능력(프레젠테이션 능력, 거래처 교섭력 등)야마하 상품이나 기획안을 적절히 상대에게 전하고, 납득시키는 능력Office 능력 : 엑셀 상급, PPT 중급 이상 음악활동 다룰 수 있는 악기, 현재 수준, 학습 기간 등 반드시 기재', '전공 : 무관외국어 : 일본어 또는 영어 가능자 우대 경력년수 및 경험업무  1년 이상행사 및 세미나의 기획 또는 영업 업무 경험자 우대건반악기 또는 관악기 연주 가능자(취미 ok) 인성조건 의사 소통 능력(상품 가치 전달력, 협상력 등)야마하 상품 가치를 고객에게 적절하게 전달하고 납득하는 능력 등PC능력 : 엑셀 및 파워포인트 중급이상 근무지 야마하뮤직코리아 역삼동 푸르덴셜타워 2층 YMCC 근무요일 및 시간 화~토 (10:00 ~19:00) 가 기본이나 Shift 근무제임. (공휴일 무관)회사 사정에 의해 일, 월요일 근무로 변경운영될 수 있음', '전공 : 전기/전자외국어 : 영어 가능자 (비즈니스회화 가능자)우대경험 CS업계 경험 2년 이상대리점영업 또는 고객관리 및 대응 경험PC능력 : 엑셀 중급이상 (데이터 수집, 분석), 파워포인트 중급이상인성조건 서비스 마인드 보유, 고객 대응 가능자(본사 문의 고객 대응)활발함, 적극성, 성실성, 도전의식, 창조적 마인드타 부문과 원활한 업무협조를 위한 배려심활발한 성격 및 치밀한 분석력']}


58,오토리브 유한회사,{}


60,㈜모나미,{'모집분야': ['IT기획팀', 'SCM팀(대리/과장급)', 'QM팀(품질관리)', 'QM팀(품질관리)', '컨텐츠비즈니스팀(영업)', '컨텐츠비즈니스팀(기획, 개발)', '고객지원센터'], '직무내용': ['  주담당업무 : 생산/SCM부문 IT기획  IT 도입 및 유지보수 타당성 검토 IT 프로젝트 매니지먼트 업무 프로세스 분석   ', '  원가관리 원가기획, Cost Table관리 기준정보관리, 제조BOM관리  ', '  신제품 품질검증 및 공정품질 관리 협력사 품질 관리 및 지도 (국내,외) 품질문제 개선조치 Follow up  ', '  신제품 품질검증 및 공정품질 관리 품질문제 개선조치 Follow up  제조업체 품질관리/보증업무  ', '  년간,분기,월간 거래처별 / 품목별판매계획 수립 및 실적 관리 매출 및 손익 관리 채널별 영업 전략 기획 및 실행 온/오프라인 판매 채널 확장 온/오프라인 업체 관리 및 상품관리  ', '  소비자 및 시장조사,분석 소비자 및 시장 니즈 도출을 통한컨텐츠 기획 컨텐츠 개발 및 포트폴리오 관리 제품 제작 사양 및 제작 발주 컨텐츠유형 : 인쇄 가능한 도서 및상품개발(기획&편집) 온/오프라인 컨텐츠 상품에 적용가능한 컨텐츠 개발 전반의 업무  ', '  영업지원(주문관리,매출마감,수금관리 등) CS  '], '상세내용': ['  [자격요건] 학력 : 4년제 정규대졸업 이상자 경력 : 관련업무 4년이상인자 전공 : 전산 및 관련전공자(컴퓨터/시스템공학 외) 웹 프로그램(Java/JSP외) 및 DB(Oracle외) SQL 경험자( 해당 경력 2년 이상 )  총경력 3년 이상 8년 이하  [필수사항] 생산부문 업무프로세스 분석 및 프로젝트 수행 경험자  [우대사항] 문구/유통관련 기업체 System 구축 및 운영 경험자  [기타사항] 병역필 또는 면제자, 해외여행에 결격사유가 없는 자 ', '  [자격요건] 학력 : 4년제 정규대졸 이상 경력 : 해당업무 및 원가관리 5년이상자  [우대사항] 소비재업종 원가관리 경력자 생산공정 BOM관리 경력자 영어로 업무수행 가능자 ', '  [자격요건] 학력 : 전문대졸업이상자 경력 : 관련업무 4년이상인자 신제품 및 공정 품질관리 제조업체 품질관리/보증업무 관련 4년 이상 경력자 운전가능자  [우대사항] 문구/완구 경력자 우대 공학계열 전공자로 산업공학, 기계공학 전공자 우대  영어독해, 회화가능자 우대  [기타사항] 병역필 또는 면제자, 해외여행에 결격사유가 없는 자 ', '  [자격요건] 학력 : 4년제 정규대졸 이상자 경력 : 신입 운전가능자  [우대사항] 공학계열, 전공자로 산업,기계공학 전공자 영어독해, 회화가능자 우대  [기타사항] 병역필 또는 면제자, 해외여행에 결격사유가 없는 자 ', '  [자격요건] 학력 : 2년제 전문대졸업 이상 경력 : 소비재 영업(온라인&오프라인) 경력 5-10년  [우대사항] 서적, 교구 등 유통 경험 담당자 우대 다양한 채널 경험 및 신규 채널 개발 경험자 우대  [기타사항] 병역필 또는 면제자, 해외여행에 결격사유가 없는 자 ', '  [자격요건] 학력 : 2년제 전문대졸업 이상 경력 : 해당업무 경력 2년이상인 자  [기타사항] 병역필 또는 면제자, 해외여행에 결격사유가 없는 자 ', '  [자격요건] 학력 : 고등학교 졸업이상 자 경력 : 신입또는 1년이상 경력자 Microsoft Office 엑셀 ,파워포인트 사용가능자  [우대사항] 세무회계 전공자 서비스 마인드를 보유한 자  [기타사항] 병역필 또는 면제자, 해외여행에 결격사유가 없는 자 ']}


63,㈜스트리밍웨이,{'모집분야': ['솔루션 개발 '], '담당업무': ['LMS 개발, 유지보수 '], '자격요건/우대사항': ['자격요건학력 : 전문대학 이상경력 : php 개발 경력 5년 이상 우대사항경력직의 경우 IT 서비스 관련 경력자기독교인 우대 '], '모집인원': ['2명']}


64,교보증권㈜,{'구분': ['IT (5급)', '업무직 (6급)'], '모집부문': ['본사지원', '지점지원 / 본사지원'], '모집인원': ['0명', '00명']}


67,한국장학재단,{}


69,대신네트웍스㈜,{'신입/경력': ['신입/경력'], '담당업무': ['통신, 인터넷 케이블설치 및 수리네트웍 및 서버기타 정보통신공사 및 유지보수'], '자격요건': ['학력 : 학력무관경력 : 신입 및 경력우대사항관련 자격증 보유자, 관련 학과 전공자, 청년층필수사항운전가능자정보통신 관련자격증 보유자 군필자 출퇴근 가능자'], '인원': ['0명']}


70,㈜피케이엘,{}


72,새마을금고중앙회,{}


75,주식회사 스위트스팟,{}


76,휴먼교육센터학원,{}


77,㈜아모텍,{}


78,한국해양과학기술원 부설 극지연구소,{}


80,인하대학교 미래인재개발원,{'모집과정': ['3D게임그래픽디자인', '게임개발프로그래밍', '게임기획자양성'], '교육내용': ['\n3D게임 배경그래픽디자인\n 3D게임 캐릭터그래픽디자인\n 게임 엔진 레벨디자인(유니티, 언리얼)                        \n3D게임 포트폴리오 제작 등 \n\n', '\n게임개발이론  \n게임프로그래밍                        \n게임엔진프로그래밍                        \n알고리즘                        \n게임포트폴리오 제작 등 \n\n', '\n게임 콘셉트기획\n 게임 시스템기획                        \n게임 레벨기획                        \n게임 UI/UX 기획\n 게임 기획 포트폴리오 제작 등\n\n']}


81,㈜엔투비,{'모집분야': ['구매 (영업) (신입)', 'IT부문 (경력) '], '직무소개': ['상품구매 및 영업 등계약, 주문관리, 현장영업고객사 사후관리 등', 'MRO시스템 / e-MarketPlace 운영(분석, 설계, 개발)IT프로젝트 지원'], '학력': ['대졸 이상 ', '대졸 이상 '], '전공': ['무관', 'IT관련'], '경력': ['신입', '4년 이상 '], '우대사항': ['컴퓨터 활용능력 우수자유관자격증 소지자 우대회사 전국 사업장 근무가능(포항, 광양 등)', 'IT 전공자(필수)업무시스템 분석/설계/개발 유경험자(필수)전자상거래/구매/MRO 시스템 개발 유경험자 우대AI/Big Data 유경험자 우대회사 전국 사업장 근무가능(포항, 광양 등)'], '근무지': ['본사(서울) 및  포항, 광양 등', '본사(서울) 및  포항, 광양 등 '], '인원': ['0명', '0명']}


82,비알코리아㈜,{}


84,㈜에듀넷,{'모집분야': ['기술개발팀(웹프로그램 개발)'], '담당업무': ['노동부과정 웹사이트 개발 및 유지보수백오피스 (LMS 개발) 및 유지보수'], '자격요건': [' 학력 : 전문대졸이상경력 : PHP경력 3~5년이상성별 : 무관 구축 또는 참여한 웹사이트주소 기재  [우대사항] 노동부 기관(LMS) 사이트 개발 및 운영 경험자 ']}


85,㈜지앤티솔루션,{}


86,현대자동차㈜,{}


87,투아이시스㈜,{'모집분야': ['개발자'], '담당업무': ['프로그램 개발'], '인원': ['0명'], '자격요건': ['학력 : 초대졸 이상\xa0경력 : 1년이상 5년이하Spring framework  개발 가능하신 분웹표준 및 모바일웹 기반 HTML, CSS  개발 가능하신 분성실하고 책임감이 강한 분동료들과 의사소통에 지장이 없는 분우대사항영어회화 가능 우대Miplatform사용 가능하신 분Javascript framework (angular,vuejs 등) 사용가능하신 분']}


89,캄아일랜드컴퍼니리미티드㈜,{}


93,SK플래닛㈜,{'구분': ['채용 조직', '직무', '근무지'], '내용': ['Media사업그룹 내 Media integration팀', '개발자', 'SK planet판교본사 및 SK Broadband 서울 본사 ']}


94,㈜코텍세미컴,{}


96,미스터블루㈜,{}


97,한국기업데이터㈜,{}


98,㈜조이시티,{'부문': ['DBA (경력무관) '], '담당업무 / 자격요건 / 우대사항': ['  [담당업무] 데이터베이스 인프라 설계 / 데이터베이스 운영 및 관리 데이터베이스 튜닝 (데이터베이스 시스템 최적화, 성능 개선 및 가이드) 데이터 모델 검토 및 가이드   [자격요건] SQL Server, MySQL Server 및 RDBMS 설계 및 운영, 최적화 경험  (Capacity Planning, High Availability Etc)  Windows, Linux, Cloud 환경에 대한 기본 지식  (OS, Storage, High Availability, AWS Etc) 데이터 모델링에 대한 경험  (모델링 절차 / 정규화 / 비정규화 - 개념, 논리, 물리)  데이터베이스 튜닝경험 (데이터베이스 시스템 최적화, 성능 개선 및 가이드)   [우대사항] 대용량 데이터베이스 운영 경험 데이터모델 검수 및 가이드 경험  커뮤니케이션 및 문서 작성 능력 우수자  ']}


99,한국자산평가,{'모집분야': ['금융공학 연구소', '솔루션기획', '솔루션개발', '경영지원', '시스템운영', '컨설팅 서비스팀 (경력)'], '주요업무': ['Volatility Surface, 이산배당 산출 채권 및 파생상품 평가엔진 개발 및 유지 보수', '금융상품 관련 솔루션 컨텐츠 기획 및 로직 개발', '웹 어플리케이션 개발 및 유지보수', '회계/재무, 계약관리 등 경영/마케팅 관리 업무', '대내/외 시스템 및 네트워크 구축/운영/관리', '웹 어플리케이션 개발'], '자격 및 우대사항': ['  자연과학 및 공학 전공자   우대사항 금융공학 및 금융수학 전공자  C++, MATLAB 프로그래밍 경력자  ', '  학사학위 이상 소지자   우대사항 파생상품 운용/평가 관련업무 유경험자 솔루션 기획 (웹) 유경험자  ', '  전산관련학과 졸업자(졸업예정자 포함) 개발언어 : JAVA, JSP, HTML5, CSS3   우대사항 NodeJS, React 가능자 금융권 개발 경험자   ', '  회계, 재무, 경영학 등 전공자   우대사항 회계/재무/세무 등 경영기획 및 관리 업무 유경험자(1년 이상) 계약/매출관리 등 마케팅지원 업무 유경험자(1년 이상)   ', '  시스템 환경 및 운영에 대한 전반적인 이해가 가능한 자 서버/네트워크 구축 및 유지보수 가능한 자   우대사항 실무경력 1년 이상인 자 관련 자격증 소지자 관련학과 졸업 및 졸업예정자   ', '  해당분야 3년이상 경력자 개발언어 : JAVA, JSP, HTML5, CSS3    우대사항 Ext JS, Spring 가능  금융, 리스크 관련 개발 경험자   ']}


100,㈜홈앤쇼핑,{}


